subcell,transect,min,min_month,max,max_month,seasonal_excursion,Warrick_ML_ranking-based-on-Kmeans,jan,feb,mar,apr,may,jun,jul,aug,sep,oct,nov,dec
KEIKI-PIPELINE,oahu0012_0001,-13.39379848,1,15.2765509,8,28.67034938,9,0,3.397787479,7.296826781,4.912565205,10.83310746,14.52411632,25.3920318,28.67034938,25.08496944,15.776833,7.116202214,5.567621188
KEIKI-PIPELINE,oahu0012_0002,-16.79187432,2,18.5112507,8,35.30312502,9,4.273396067,0,5.233767012,8.882997828,14.06837915,21.68079572,31.54959474,35.30312502,34.30770973,27.37732835,15.14633608,13.96750875
KEIKI-PIPELINE,oahu0012_0003,-14.47933453,2,17.37667857,9,31.8560131,9,6.752731858,0,3.477519686,5.699031461,11.88368591,15.78471023,23.77638673,30.73969706,31.8560131,27.74639241,11.44379391,12.30644278
KEIKI-PIPELINE,oahu0012_0004,-14.30394893,2,15.35266967,9,29.6566186,9,8.028566278,0,3.307589814,5.445382731,8.305347043,11.8066054,22.78261168,28.57186211,29.6566186,27.17043234,13.56065231,11.49330972
KEIKI-PIPELINE,oahu0012_0005,-13.15833968,2,13.3285856,9,26.48692527,10,9.321961476,0,3.967840689,6.21278579,7.198509631,11.54757542,19.10646772,25.6553538,26.48692527,26.00700953,15.69463834,11.5528352
KEIKI-PIPELINE,oahu0012_0006,-12.57646293,2,12.96119699,10,25.53765992,10,9.632336592,0,6.527369395,5.333004476,6.845366519,9.630679788,16.3896843,20.58833269,23.46678381,25.53765992,14.82461597,12.56685299
KEIKI-PIPELINE,oahu0012_0007,-9.533893346,2,13.66096273,10,23.19485608,10,6.479506372,0,2.278279743,3.381031563,2.627663631,6.0841774,11.19995729,14.31757762,19.04286101,23.19485608,14.60559312,9.731145311
KEIKI-PIPELINE,oahu0012_0008,-7.40981993,2,12.8379229,10,20.24774283,10,6.483769368,0,2.739602124,2.871082359,0.076567141,3.554503217,8.141477271,10.2952982,16.97013223,20.24774283,13.69218638,9.087871419
KEIKI-PIPELINE,oahu0012_0009,-7.853864001,5,12.6042869,10,20.45815091,10,9.32654635,0.973424783,2.929589191,2.745918478,0,0.584127891,7.467835611,9.911136728,16.26181051,20.45815091,15.2250841,9.275782736
KEIKI-PIPELINE,oahu0012_0010,-7.286210138,6,12.22584296,10,19.51205309,10,9.086951067,1.733412117,1.492412813,1.75446779,0.739637481,0,6.107131844,8.230474482,14.37225277,19.51205309,13.50699333,7.680373343
KEIKI-PIPELINE,oahu0012_0011,-6.702425096,6,13.15782908,10,19.86025417,10,9.105704899,1.858743539,0.383413379,0.59328649,1.476931446,0,3.704150259,5.989263853,15.12223343,19.86025417,12.75020641,7.622505741
KEIKI-PIPELINE,oahu0012_0012,-7.551576084,4,11.47168789,10,19.02326398,10,8.540097955,0.420783909,3.097007643,0,3.577095351,4.977413305,3.851024962,8.184490442,13.96201588,19.02326398,8.817861058,8.271861963
KEIKI-PIPELINE,oahu0012_0013,-5.772631053,2,9.231322972,10,15.00395402,10,6.329332997,0,2.087149719,2.728338865,2.612174176,5.015506474,7.482337927,7.855139773,8.766266118,15.00395402,5.936999871,2.766673526
KEIKI-PIPELINE,oahu0012_0014,-3.880950573,2,5.651323,9,9.532273574,10,3.50518485,0,0.008529995,1.107586175,3.642256399,2.262238121,4.68735132,6.338186915,9.532273574,9.500233038,2.610801153,2.840282305
KEIKI-PIPELINE,oahu0012_0015,-5.785199751,12,3.822361986,9,9.607561737,9,4.375587705,0.668596302,1.300138515,3.463343436,5.71375997,4.499337113,8.580723322,9.16815662,9.607561737,8.393895697,3.332542603,0
KEIKI-PIPELINE,oahu0012_0016,-7.760839322,12,4.865766002,7,12.62660532,9,3.990170579,2.926579751,3.638414354,4.517545041,7.313175401,7.868180985,12.62660532,11.88391999,12.10117047,11.84974778,7.235132318,0
KEIKI-PIPELINE,oahu0012_0017,-7.327759225,12,5.91514415,10,13.24290337,9,0.910566212,3.356954831,0.663414405,6.263104302,6.170357667,8.285216178,12.28123693,11.51978831,10.68834374,13.24290337,7.18759878,0
KEIKI-PIPELINE,oahu0012_0018,-8.203788371,3,7.54129909,10,15.74508746,9,3.024473518,2.685692403,0,8.523566247,9.271879629,10.76903528,12.27629069,12.10222351,13.32096144,15.74508746,8.630708469,1.106022419
KEIKI-PIPELINE,oahu0012_0019,-8.219564573,3,7.631759797,10,15.85132437,9,1.979875259,1.734329346,0,5.789468279,9.002498645,10.0371166,15.31694696,10.92086121,11.72800862,15.85132437,9.813110324,2.768428535
KEIKI-PIPELINE,oahu0012_0020,-7.984740235,3,8.113640405,10,16.09838064,10,6.196188458,3.133896905,0,3.923520556,8.876251203,9.26597268,10.27402169,7.996519206,11.5079448,16.09838064,11.86988964,3.021912658
KEIKI-PIPELINE,oahu0012_0021,-6.341957876,3,8.182174631,10,14.52413251,10,8.577875418,3.337085403,0,4.126584509,4.861021435,6.058813898,7.413824758,6.29270559,8.149967659,14.52413251,10.29662695,2.509105607
KEIKI-PIPELINE,oahu0012_0022,-4.823522525,3,7.754873095,10,12.57839562,10,9.613167389,1.80292803,0,3.029972308,1.37098616,4.453983505,5.214450778,5.099192472,6.532779272,12.57839562,9.925160109,1.606062554
KEIKI-PIPELINE,oahu0012_0023,-4.081145508,5,7.670947308,1,11.75209282,1,11.75209282,2.438723642,1.667624316,4.971084758,0,2.553795105,1.834560332,4.501571629,4.953474195,10.98765427,8.356700497,0.503874865
KEIKI-PIPELINE,oahu0012_0024,-5.375526262,5,6.5574633,1,11.93298956,1,11.93298956,5.355851186,5.966530139,5.743567204,0,1.815900356,3.223659831,6.180318201,6.442579167,10.47798864,8.219706868,2.403418675
KEIKI-PIPELINE,oahu0012_0025,-4.703050405,5,4.616879856,1,9.319930262,1,9.319930262,5.453366249,7.045032851,5.216850758,0,1.178867934,2.510630008,5.012891204,6.167773097,7.95680465,8.128569358,1.21641378
KEIKI-PIPELINE,oahu0012_0026,-4.953008561,12,5.507644664,1,10.46065322,1,10.46065322,4.392877632,6.074611423,5.847816173,0.124770654,2.755955748,1.879320901,5.453965324,6.406897279,6.845631381,5.667036861,0
KEIKI-PIPELINE,oahu0012_0027,-4.11244236,5,9.196719929,1,13.30916229,1,13.30916229,5.082887302,1.254210851,5.086013586,0,2.872693363,1.024529051,6.152644438,5.932905259,5.046462097,2.850927201,1.226226161
KEIKI-PIPELINE,oahu0012_0028,-6.920074637,12,6.466097611,8,13.38617225,8,11.7043689,6.554389901,5.932620582,5.714058368,4.015776194,6.206839883,4.033487694,13.38617225,10.32350484,8.642636398,3.182802977,0
KEIKI-PIPELINE,oahu0012_0029,-6.062064501,12,8.261845679,8,14.32391018,8,10.84881792,5.339512498,4.791681551,5.745613283,2.088334945,4.977708383,4.01790819,14.32391018,11.77931111,8.315412414,2.578595541,0
KEIKI-PIPELINE,oahu0012_0030,-5.633168486,5,10.65246444,8,16.28563293,8,8.682321141,7.042193068,5.542726029,4.181287016,0,4.10455549,6.266107958,16.28563293,11.41642716,7.010371923,4.133159087,2.042581141
KEIKI-PIPELINE,oahu0012_0031,-4.466577247,5,12.9870492,8,17.45362645,8,5.203630884,1.225615025,4.615578021,0.880108372,0,3.644739273,7.389228475,17.45362645,10.86999335,5.488184029,1.336881415,2.150582733
KEIKI-PIPELINE,oahu0012_0032,-7.421559047,12,11.85730607,8,19.27886511,8,8.056640187,5.011871049,8.972958524,4.305023535,5.079493573,8.591801611,10.8979069,19.27886511,12.5420448,7.633425818,2.535789523,0
KEIKI-PIPELINE,oahu0012_0033,-9.489977047,12,7.795772024,8,17.28574907,8,9.263552681,12.12920835,6.292777112,4.773971823,6.777126994,12.82721772,14.54244833,17.28574907,14.54399686,7.7700098,3.093738394,0
KEIKI-PIPELINE,oahu0012_0034,-8.849539603,12,7.909113708,8,16.75865331,7,6.535787245,5.532031998,5.108425663,4.987791744,6.091314219,13.79375762,16.36217798,16.75865331,15.7671252,9.959498434,2.25864789,0
KEIKI-PIPELINE,oahu0012_0035,-10.53545561,12,10.21512555,8,20.75058116,9,6.010524127,2.503730239,0.87622361,7.814397664,8.698431736,19.02229104,19.6621311,20.75058116,18.82179567,13.22838792,5.406758785,0
KEIKI-PIPELINE,oahu0012_0036,-15.27812622,12,11.27722825,9,26.55535447,9,5.258918067,5.915682605,0.337435351,10.11734596,14.81276057,25.66986956,25.6620819,25.82653875,26.55535447,24.12033417,12.17360078,0
KEIKI-PIPELINE,oahu0012_0037,-15.7165726,12,10.9163939,8,26.6329665,9,1.085214908,2.735067146,1.308226608,7.922839104,16.19501968,24.58644803,25.63483839,26.6329665,26.40612848,26.48416685,13.65118148,0
KEIKI-PIPELINE,oahu0012_0038,-15.60400663,3,14.15069689,9,29.75470352,9,4.435422564,0.594505136,0,8.37554009,18.2586671,23.68216278,23.64016622,26.84650293,29.75470352,27.39860186,12.93537514,2.76279876
KEIKI-PIPELINE,oahu0012_0039,-15.43026443,2,15.02899723,9,30.45926166,9,3.205907877,0,0.170823145,10.38707357,19.29560573,21.0914864,21.58749156,27.82893413,30.45926166,28.18796931,12.37401645,1.47639115
KEIKI-PIPELINE,oahu0012_0040,-15.41203566,12,14.1440868,9,29.55612246,9,2.959883445,0.542815375,1.084656978,10.02846963,18.3442441,20.19555571,21.9973626,29.23629102,29.55612246,25.77157528,10.23945871,0
KEIKI-PIPELINE,oahu0012_0041,-15.18206595,3,13.87901838,9,29.06108433,9,2.163193379,1.323436655,0,8.792909022,18.39262138,20.20194387,22.7711506,28.44081016,29.06108433,23.98478649,9.357125301,3.154438166
KEIKI-PIPELINE,oahu0012_0042,-15.37989346,3,13.63260564,9,29.0124991,9,2.699334876,1.903169257,0,6.868992695,19.41509665,21.49687012,23.2105112,27.75549382,29.0124991,23.81136297,10.87021735,2.502271251
KEIKI-PIPELINE,oahu0012_0043,-14.13053508,3,14.50126413,9,28.63179921,9,0.591693167,1.345704849,0,5.184695118,18.42897387,20.2894059,22.0943548,26.97199425,28.63179921,22.39653585,10.3454938,3.476185668
KEIKI-PIPELINE,oahu0012_0044,-16.46146983,3,14.48584699,8,30.94731681,9,2.500134497,3.531776283,0,4.735410541,21.3385912,22.56708538,25.13623004,30.94731681,30.64161116,22.59358588,12.21324364,5.129915584
KEIKI-PIPELINE,oahu0012_0045,-17.26083964,2,14.00912669,8,31.26996633,9,3.66513967,0,2.181517075,5.724578518,22.24563481,24.13545917,27.1763001,31.26996633,31.26145514,23.54634865,12.84201491,1.121594537
KEIKI-PIPELINE,oahu0012_0046,-17.3297652,12,14.92937869,8,32.25914389,9,9.994634504,2.927926721,4.46933025,5.429119011,23.53531628,25.85456443,28.78909212,32.25914389,28.70132724,22.92794114,12.14782527,0
KEIKI-PIPELINE,oahu0012_0047,-17.35779908,2,16.57551215,7,33.93331123,9,10.21260484,0,0.143033135,7.216519889,22.7650019,27.10031441,33.93331123,31.22755983,27.43350939,22.78953929,8.894403829,1.222258466
KEIKI-PIPELINE,oahu0012_0048,-18.14879639,3,17.06078,7,35.20957639,9,7.891321439,6.416882468,0,6.530492452,21.215917,28.09561668,35.20957639,34.63975153,28.81518698,21.99050188,6.167580674,3.431014261
KEIKI-PIPELINE,oahu0012_0049,-18.11742289,3,16.68072016,7,34.79814305,9,9.422516692,5.101317192,0,3.991579841,22.47895009,27.79512371,34.79814305,32.93297318,26.56770104,24.2768584,6.796265266,3.858761662
KEIKI-PIPELINE,oahu0012_0050,-17.49124518,3,15.22265438,7,32.71389956,9,9.213317977,10.930243,0,6.838603268,23.48809261,25.40657488,32.71389956,31.13965071,25.2767816,24.44719542,10.18607113,0.658614478
KEIKI-PIPELINE,oahu0012_0051,-22.15631526,3,14.13881144,7,36.2951267,9,15.41210921,30.56318994,0,14.84011776,26.21369159,29.04114903,36.2951267,33.68741803,26.08828956,25.81407604,11.8200663,7.855966205
KEIKI-PIPELINE,oahu0012_0052,-16.28774093,3,13.9890992,7,30.27684014,7,8.672849777,10.78178544,0,13.91297176,20.83769146,26.0131799,30.27684014,24.66246175,19.89084486,13.46650404,9.161248419,3.70550094
KEIKI-PIPELINE,oahu0012_0053,-15.07767617,3,10.52669724,5,25.60437341,6,9.124444799,3.44025242,0,17.9344005,25.60437341,22.64032027,25.04670524,21.64583134,16.99677156,9.447538159,3.593189959,5.735713567
KEIKI-PIPELINE,oahu0012_0054,-29.26248545,2,10.66097007,7,39.92345552,6,22.55330203,0,16.02430276,32.57362185,39.33003704,37.64595043,39.92345552,33.96903604,29.66514759,25.29082017,22.85927745,18.708964
KEIKI-PIPELINE,oahu0012_0055,-12.96829997,2,9.982742191,5,22.95104217,6,6.781294409,0,0.298009962,18.92373505,22.95104217,21.09192668,21.3827268,16.9260111,13.3089756,8.049229845,6.796195371,11.78739835
KEIKI-PIPELINE,oahu0012_0056,-7.475608696,1,7.260374797,5,14.73598349,4,0,2.002090487,9.575396993,13.38081598,14.73598349,14.70663333,13.73695721,8.04987676,5.706692806,2.430212047,2.101621801,6.335187324
EHUKAI-PUPUKEA,oahu0012_0057,-14.85031086,2,9.423993388,3,24.27430424,3,9.489755228,0,24.27430424,22.20507715,22.74795415,23.09960228,20.54394095,14.51061399,12.25500879,7.654924729,9.163760563,12.71580323
EHUKAI-PUPUKEA,oahu0012_0058,-8.352781216,1,13.80380358,3,22.1565848,3,0,2.710769274,22.1565848,17.8770968,16.24349992,15.05524427,12.66808008,4.088285422,3.165214515,2.541114536,0.124218949,6.640873532
EHUKAI-PUPUKEA,oahu0012_0059,-8.662147796,11,11.10067002,3,19.76281781,2,10.05197797,9.097983376,19.76281781,18.65152171,17.41237295,14.50181218,9.468442653,4.215599162,0.95725888,2.474608187,0,10.83589313
EHUKAI-PUPUKEA,oahu0012_0060,-9.100216888,11,18.85097085,3,27.95118774,2,9.217427947,13.14062992,27.95118774,21.77328846,17.44806424,16.7476982,8.176680363,2.034573131,0.682193062,0.995306097,0,10.40732397
EHUKAI-PUPUKEA,oahu0012_0061,-13.07621717,11,19.09949367,3,32.17571083,2,17.61268793,21.19829103,32.17571083,25.8309612,22.32216791,21.30059847,10.0456334,2.39173676,1.412930206,2.577146229,0,10.43905259
EHUKAI-PUPUKEA,oahu0012_0062,-15.33170913,11,20.41992342,3,35.75163255,2,23.32589499,29.76558089,35.75163255,28.57365174,25.27200909,25.07983839,11.73789219,5.099388734,1.578776595,1.587193712,0,8.786827394
EHUKAI-PUPUKEA,oahu0012_0063,-16.44240276,11,20.16117117,2,36.60357393,2,26.09948363,36.60357393,36.4385969,32.53329197,25.55998339,26.11107042,13.79372564,8.406877327,2.556963914,1.865822458,0,11.85181559
EHUKAI-PUPUKEA,oahu0012_0064,-17.19801666,11,18.9850451,2,36.18306176,2,29.94619695,36.18306176,36.11402522,33.47801559,27.39015339,24.09669681,13.15034573,5.14580602,2.190152382,2.621109325,0,9.899243547
EHUKAI-PUPUKEA,oahu0012_0065,-14.98671645,11,19.56489395,3,34.5516104,2,26.93242789,34.01456606,34.5516104,33.69669782,28.1919277,20.74142688,13.51006396,3.861578665,1.825092643,2.729034934,0,4.993602487
EHUKAI-PUPUKEA,oahu0012_0066,-14.41053434,9,18.89550757,2,33.30604192,2,23.07098232,33.30604192,29.89117641,26.07124941,26.64078068,20.24843624,10.08208382,1.365873082,0,2.090150893,1.331529676,5.756521543
EHUKAI-PUPUKEA,oahu0012_0067,-14.47201034,9,17.90303268,2,32.37504303,2,18.73737296,32.37504303,31.82099172,28.32810811,28.25199482,21.22402615,11.14797896,0.835304506,0,3.685468796,4.428093123,4.613598698
EHUKAI-PUPUKEA,oahu0012_0068,-14.30669316,9,17.68433083,2,31.99102399,2,15.96931909,31.99102399,31.26025996,28.09174024,27.46813199,21.69287759,11.45646963,1.556373667,0,2.701146637,5.994016013,6.091763748
EHUKAI-PUPUKEA,oahu0012_0069,-12.22733726,8,19.108624,3,31.33596126,2,13.84422495,26.62190639,31.33596126,26.73389013,27.28603543,21.44602053,8.12602351,0,1.95050741,2.220435539,4.375949287,3.171673116
EHUKAI-PUPUKEA,oahu0012_0070,-12.97012953,8,18.7848665,3,31.75499603,2,13.82859411,25.31356034,31.75499603,27.20814758,27.14543912,25.23766572,12.20473826,0,1.703827938,3.455165735,2.073838918,3.323316402
EHUKAI-PUPUKEA,oahu0012_0071,-11.90386154,12,16.70100149,4,28.60486303,2,9.860429755,25.80928673,27.86778388,28.60486303,25.41880143,22.98827348,9.688566472,0.946607941,1.740909881,2.630387484,1.596601702,0
EHUKAI-PUPUKEA,oahu0012_0072,-14.37390438,11,19.10709467,4,33.48099905,2,12.65581394,24.29644682,30.43994502,33.48099905,28.61134588,24.63724414,13.02714893,6.467513121,4.505865432,5.69091506,0,0.470379844
EHUKAI-PUPUKEA,oahu0012_0073,-15.38499562,12,15.6030063,4,30.98800192,3,9.808003743,21.36063991,28.00694037,30.98800192,30.68898609,26.57042782,15.92590821,11.71347592,8.419799004,5.693252058,1.007005714,0
EHUKAI-PUPUKEA,oahu0012_0074,-16.11825947,12,15.68150711,4,31.79976658,3,8.498041199,21.74105551,27.36485373,31.79976658,31.6115272,28.26932731,18.10674809,15.20493546,11.09989497,6.193173285,3.229292287,0
EHUKAI-PUPUKEA,oahu0012_0075,-14.80387756,12,14.38879289,5,29.19267045,3,6.12764725,15.22551498,25.64499304,26.88846575,29.19267045,25.9543933,17.28778736,17.32812536,12.46065548,6.294631024,2.658728287,0
EHUKAI-PUPUKEA,oahu0012_0076,-16.28793243,12,13.90189779,5,30.18983022,4,4.333138979,14.51762205,26.84940372,25.64277262,30.18983022,28.98371898,22.51519205,21.37101484,16.16315366,10.7105406,5.515009394,0
EHUKAI-PUPUKEA,oahu0012_0077,-16.16502741,12,12.15639611,5,28.32142353,5,4.294055893,12.98989882,19.84450359,21.65490006,28.32142353,25.4610725,23.22554151,20.4691667,19.21867243,12.51565307,6.129901706,0
EHUKAI-PUPUKEA,oahu0012_0078,-15.03331776,12,10.69669598,5,25.73001374,5,3.707169454,8.460265649,13.57013287,19.26520881,25.73001374,25.20488263,24.14985321,19.24105586,19.43870457,12.98601168,7.218613113,0
CHAMBERS-ROCKYLEFT,oahu0012_0079,-12.89375403,12,10.66357625,7,23.55733028,7,0.903865244,2.97647753,10.87233037,14.3478537,21.07986557,21.88700255,23.55733028,20.29241081,17.60912325,13.15379639,6.559225246,0
CHAMBERS-ROCKYLEFT,oahu0012_0080,-13.36362392,12,9.44585361,7,22.80947753,7,2.360016402,2.727795429,10.14335923,13.65320509,20.26093765,19.3838287,22.80947753,21.49837627,19.7702391,15.49923538,7.133759593,0
CHAMBERS-ROCKYLEFT,oahu0012_0081,-10.89266061,2,11.92577187,9,22.81843248,9,2.219225945,0,4.97904377,11.54574336,15.34307333,14.88641971,19.9267437,19.96066826,22.81843248,16.49653858,5.369842484,0.711852328
CHAMBERS-ROCKYLEFT,oahu0012_0082,-11.61649588,12,13.32684783,8,24.94334371,9,1.422915994,1.110989043,6.481469538,9.717333003,13.85180935,13.96993842,19.49240215,24.94334371,24.44190021,18.37329302,5.139271234,0
CHAMBERS-ROCKYLEFT,oahu0012_0083,-11.92539845,12,15.2796443,8,27.20504275,9,3.682554745,3.94041999,9.179521027,8.275564614,14.78028132,13.44828651,21.34698598,27.20504275,24.51547756,18.7727693,5.789428017,0
CHAMBERS-ROCKYLEFT,oahu0012_0084,-11.30643215,12,20.58825572,8,31.89468787,7,2.232154145,2.83826029,10.75288152,9.75165385,11.94016706,15.53651505,24.19529952,31.89468787,26.04048025,15.95851736,4.108540367,0
CHAMBERS-ROCKYLEFT,oahu0012_0085,-11.40808399,2,20.37111173,8,31.77919572,7,0.930930409,0,8.565646427,7.283171647,15.87546127,19.17912933,29.41422728,31.77919572,24.18116501,15.10219874,0.372319298,0.22721424
CHAMBERS-ROCKYLEFT,oahu0012_0086,-13.36918163,12,18.76981602,7,32.13899765,7,3.034474889,4.797029869,9.456595188,10.66680828,16.46897827,25.54385875,32.13899765,32.06349756,20.28917377,14.03429871,1.040536953,0
CHAMBERS-ROCKYLEFT,oahu0012_0087,-15.99074247,12,21.07877142,7,37.06951389,7,2.138126935,5.092977474,13.68130817,14.20379089,22.03424338,29.31988102,37.06951389,31.9160119,26.18806687,15.06636371,0.889797385,0
CHAMBERS-ROCKYLEFT,oahu0012_0088,-16.07555696,12,19.83860781,7,35.91416476,7,1.370265477,6.809000965,10.70969661,12.44556165,22.06371908,25.3375868,35.91416476,31.40908844,24.17287195,14.16008811,3.336806655,0
CHAMBERS-ROCKYLEFT,oahu0012_0089,-12.86161283,1,14.25496742,7,27.11658025,7,0,2.298542926,9.259314453,10.34509946,18.27372658,21.16204191,27.11658025,25.59580871,17.66871605,12.729288,2.611019623,0.030641427
CHAMBERS-ROCKYLEFT,oahu0012_0090,-13.04865923,12,13.81092397,7,26.8595832,7,0.676469356,3.420838119,10.01861816,11.95840585,18.73762076,20.11177441,26.8595832,23.40008829,20.88542257,11.75601439,2.797936143,0
CHAMBERS-ROCKYLEFT,oahu0012_0091,-13.35873832,12,13.27788682,7,26.63662515,7,2.51472706,5.804120145,10.12865041,11.62867214,16.35810863,20.21294863,26.63662515,24.52900713,20.83858837,11.30837712,2.951396057,0
CHAMBERS-ROCKYLEFT,oahu0012_0092,-12.34451612,12,11.89401332,8,24.23852944,7,1.733228661,7.622068035,8.56656716,9.345250916,15.23318699,21.08833403,22.92808189,24.23852944,19.78410672,10.77063228,4.014543259,0
CHAMBERS-ROCKYLEFT,oahu0012_0093,-13.38385026,12,12.36257999,8,25.74643026,7,1.843374318,8.596443173,11.82801569,13.24360244,15.65151915,19.48030254,23.34989804,25.74643026,21.58142443,13.97896634,5.571244884,0
CHAMBERS-ROCKYLEFT,oahu0012_0094,-12.91072721,1,10.36828359,8,23.27901081,7,0,5.223634349,10.31827412,10.98399651,17.76220773,16.55091207,20.64701697,23.27901081,21.56608886,13.9893207,4.695289356,0.968892272
CHAMBERS-ROCKYLEFT,oahu0012_0095,-11.28221274,1,8.891137924,8,20.17335066,7,0,2.926620375,8.816382992,10.20782736,15.37406632,16.54513292,15.23700945,20.17335066,16.05757085,13.75243361,4.771588452,2.639112326
MONSTAMUSH-KAMMIES,oahu0012_0096,-12.94981248,2,4.326062098,5,17.27587458,5,3.949272927,0,13.58852763,12.7133655,17.27587458,16.36903663,15.25381975,16.64173534,15.6488363,15.308651,9.079843032,4.068927168
MONSTAMUSH-KAMMIES,oahu0012_0097,-9.810339702,1,5.067762704,3,14.87810241,5,0,1.264769239,14.87810241,8.824237111,13.5681357,14.26933331,10.86688708,8.811765161,12.09120614,12.22458337,7.766527989,2.314659465
MONSTAMUSH-KAMMIES,oahu0012_0098,-4.824819357,12,4.912370647,3,9.737190004,10,0.258196755,1.58775926,9.737190004,7.504236884,7.64462353,8.56851961,3.623992692,0.457273586,4.578696074,4.835436787,7.042815632,0
MONSTAMUSH-KAMMIES,oahu0012_0099,-5.947636531,8,7.280257652,3,13.22789418,2,3.755658251,6.11133887,13.22789418,8.733002851,8.977562762,9.202907525,3.337568209,0,4.010767878,5.851509663,8.587205822,3.563178115
MONSTAMUSH-KAMMIES,oahu0012_0100,-4.872594177,8,5.685489876,3,10.55808405,2,4.774391059,4.806552459,10.55808405,7.868604154,8.946254324,7.520840833,1.468081738,0,1.76738254,2.729160332,2.751400079,4.560217135
MONSTAMUSH-KAMMIES,oahu0012_0101,-5.515190966,11,6.245356902,3,11.76054787,2,5.999528107,7.176549676,11.76054787,7.286970284,9.516849125,7.805986983,4.331445767,2.487426258,0.427622127,3.187405184,0,4.532756365
MONSTAMUSH-KAMMIES,oahu0012_0102,-4.704945186,11,6.200189453,3,10.90513464,2,4.55956859,6.361101583,10.90513464,6.297329665,7.881396817,7.355934805,4.140645659,1.846183302,0.930580931,1.621044606,0,2.71696519
MONSTAMUSH-KAMMIES,oahu0012_0103,-5.415760987,9,5.879351618,6,11.29511261,2,6.031546009,6.696296152,10.02572772,7.643882043,8.715625,11.29511261,5.464095681,1.404756811,0,1.642434958,1.152838101,3.296592266
MONSTAMUSH-KAMMIES,oahu0012_0104,-6.218402161,9,4.211689925,6,10.43009209,2,8.430759144,9.550623929,10.20597064,9.952605418,8.958291645,10.43009209,4.68972205,1.397207987,0,2.966817765,2.225051033,4.401691871
MONSTAMUSH-KAMMIES,oahu0012_0105,-10.0291739,8,8.409550518,3,18.43872442,2,14.7948007,18.05338266,18.43872442,14.10301614,13.88448296,9.579706829,5.648531286,0,1.12148851,6.969519357,5.226675643,11.14729556
MONSTAMUSH-KAMMIES,oahu0012_0106,-14.44466705,8,9.564684318,3,24.00935137,2,23.04280074,23.89648907,24.00935137,21.85119126,17.58810138,10.87484594,7.297187128,0,3.597161027,10.73984871,10.23901825,18.16669354
MONSTAMUSH-KAMMIES,oahu0012_0107,-13.1481643,8,9.426205083,2,22.57436939,2,22.30437339,22.57436939,20.54611019,21.2356525,15.6151794,8.740233915,5.411266262,0,2.555445397,7.052692653,10.64959877,17.52935069
MONSTAMUSH-KAMMIES,oahu0012_0108,-11.72089868,8,8.925809478,4,20.64670816,2,20.41781056,20.44396493,19.91020879,20.64670816,13.03829805,6.995417283,4.183029451,0,3.269829217,7.580525702,8.677481533,12.87535076
MONSTAMUSH-KAMMIES,oahu0012_0109,-7.421991574,8,8.930039333,4,16.35203091,2,13.27072464,11.6687134,13.38642829,16.35203091,9.25235811,5.053606365,1.96111457,0,1.222850867,3.834277915,5.022450295,7.794781681
MONSTAMUSH-KAMMIES,oahu0012_0110,-4.430651871,8,6.950158446,3,11.38081032,2,8.731293065,7.01861412,11.38081032,10.48773791,7.31321555,4.873879261,1.11142481,0,1.194592672,0.738896333,0.809348845,2.108540928
SUNSETBEACH-BONEYARDS,oahu0012_0111,-4.129642884,12,4.415790431,3,8.545433315,3,5.476139804,3.865774326,8.545433315,8.377769809,7.858420554,6.643529581,5.574919004,1.752708871,2.143586326,1.172336472,0.118887573,0
SUNSETBEACH-BONEYARDS,oahu0012_0112,-6.223199192,12,3.104946131,7,9.328145322,4,5.043655798,4.91480104,8.69644896,7.405801904,9.08041638,8.986407851,9.328145322,5.499317782,6.47693981,3.766292653,0.470310598,0
SUNSETBEACH-BONEYARDS,oahu0012_0113,-7.708674257,12,5.035575584,7,12.74424984,5,3.89019745,2.91950002,10.00460424,8.623487767,10.65967953,11.93591289,12.74424984,11.90804829,9.271253315,6.543134022,1.192809474,0
SUNSETBEACH-BONEYARDS,oahu0012_0114,-10.83303847,12,6.764168723,8,17.59720719,7,4.76883299,3.390846949,11.88148109,9.889650578,14.13150179,16.45946424,17.56433504,17.59720719,15.49991244,10.71930071,4.501763354,0
SUNSETBEACH-BONEYARDS,oahu0012_0115,-11.43613266,12,8.447255411,8,19.88338807,7,4.026090521,3.676320032,9.383657583,9.208608237,14.1492301,18.79615394,17.79239716,19.88338807,18.13725156,11.76723784,6.309952455,0
SUNSETBEACH-BONEYARDS,oahu0012_0116,-10.99669776,12,7.123076868,9,18.11977463,7,3.866353972,3.20152919,8.629977004,6.494304971,13.65432493,16.72049564,17.5705525,17.97562478,18.11977463,12.13895111,6.720551419,0
SUNSETBEACH-BONEYARDS,oahu0012_0117,-12.06057447,12,6.567718234,9,18.62829271,7,4.945170264,4.588649719,7.909942481,9.216612247,14.33277583,16.9028445,17.69264715,17.42960937,18.62829271,14.69131055,8.2151426,0
SUNSETBEACH-BONEYARDS,oahu0012_0118,-11.34732646,12,6.961497435,9,18.30882389,7,3.318030244,4.510303592,9.22412121,9.015986581,12.81526188,15.94029634,15.8312001,15.37427146,18.30882389,13.64820717,7.75837259,0
SUNSETBEACH-BONEYARDS,oahu0012_0119,-12.03272137,12,5.85152308,9,17.88424445,7,4.492849201,5.078373856,9.681098605,8.88592221,14.66883305,15.55052075,16.08688484,16.05009891,17.88424445,15.32541388,6.868720062,0
SUNSETBEACH-BONEYARDS,oahu0012_0120,-13.21227923,12,6.577395757,9,19.78967498,7,4.579488577,6.267694694,12.0689548,10.71507962,16.71988689,16.87305992,19.25881589,18.54170193,19.78967498,16.05897935,4.981352057,0
SUNSETBEACH-BONEYARDS,oahu0012_0121,-14.15791041,12,7.284162188,9,21.4420726,7,3.478415849,7.538550991,11.96388094,11.67869266,18.21445108,20.83165771,20.78958803,21.27474292,21.4420726,15.63965012,7.30057909,0
SUNSETBEACH-BONEYARDS,oahu0012_0122,-12.73073539,12,9.591463006,8,22.32219839,7,2.069120145,5.324985701,10.951538,12.4886992,17.83474023,19.75298201,19.95419713,22.32219839,20.19493849,14.33114606,4.868877058,0
SUNSETBEACH-BONEYARDS,oahu0012_0123,-10.64172575,12,8.425459484,8,19.06718523,7,1.460065339,3.518107375,9.083337838,10.50224281,12.74341292,17.44311948,17.86638135,19.06718523,16.82794541,11.17224694,2.414632605,0
SUNSETBEACH-BONEYARDS,oahu0012_0124,-8.712982574,12,6.73836564,8,15.45134821,7,1.934289765,3.220528182,7.505318657,9.027535352,10.36747391,12.24557548,14.59916451,15.45134821,13.06767483,7.827022009,1.992644093,0
SUNSETBEACH-BONEYARDS,oahu0012_0125,-7.520510209,12,5.914924874,7,13.43543508,7,1.886588725,4.003091606,6.77711423,7.634253947,8.7092463,10.64432889,13.43543508,10.84828613,11.42426218,6.705829534,2.775733683,0
SUNSETBEACH-BONEYARDS,oahu0012_0126,-6.621219835,12,4.122419348,7,10.74363918,7,1.778148409,4.369883297,6.363404951,7.020167409,7.518609253,9.259361196,10.74363918,10.72079789,9.051371791,6.019284125,2.819328271,0
SUNSETBEACH-BONEYARDS,oahu0012_0127,-5.665624333,12,4.931603564,8,10.5972279,7,0.872992017,2.320982845,4.60580045,5.607022816,6.0489204,8.452849592,9.392871163,10.5972279,9.45747336,6.174083117,1.24652621,0
SUNSETBEACH-BONEYARDS,oahu0012_0128,-5.638109013,12,5.324199651,8,10.96230866,7,1.110874812,3.432676608,3.854709535,5.696524758,5.081602567,8.014109024,10.0920639,10.96230866,10.21698819,5.015448554,2.250620078,0
SUNSETBEACH-BONEYARDS,oahu0012_0129,-5.383009744,12,4.719489734,9,10.10249948,7,0.25614085,2.172797674,3.655595764,5.259418118,5.181069702,7.451291408,9.57242494,9.123115213,10.10249948,6.31061555,3.225981086,0
SUNSETBEACH-BONEYARDS,oahu0012_0130,-4.549544418,12,4.498265891,9,9.047810309,7,0.047499267,1.375973519,2.905863112,3.977294981,3.613187609,6.021371284,8.3418631,6.54742724,9.047810309,5.826375283,3.088400408,0
SUNSETBEACH-BONEYARDS,oahu0012_0131,-4.193501556,12,4.919292298,9,9.112793854,9,0.720406293,0.797687001,2.153487198,3.131679235,3.504978707,5.194882882,7.388107284,6.886177711,9.112793854,5.822004245,3.035907189,0
SUNSETBEACH-BONEYARDS,oahu0012_0132,-3.848300832,12,2.266052508,9,6.11435334,7,1.289016491,1.419781198,3.655790458,2.690672528,3.642843817,5.217058957,5.972023137,5.16480475,6.11435334,4.056492887,1.517724271,0
SUNSETBEACH-BONEYARDS,oahu0012_0133,-3.133813093,12,3.321051792,7,6.454864885,7,0.989776849,1.401456767,3.640535501,3.158295027,4.520947974,4.163708143,6.454864885,4.684377766,4.554471643,3.194140119,1.836531048,0
SUNSETBEACH-BONEYARDS,oahu0012_0134,-3.61244282,12,2.801186305,7,6.413629125,5,1.841700178,0.965500546,3.68648268,4.563779807,5.279655541,6.209261612,6.413629125,4.014622067,3.826022641,4.716378066,1.905199994,0
SUNSETBEACH-BONEYARDS,oahu0012_0135,-4.396563808,12,3.19485951,4,7.591423318,5,1.374883304,1.857037654,5.686802115,7.591423318,6.595231216,7.331597733,7.352950033,5.019323862,4.397652747,4.526787872,1.700324219,0
SUNSETBEACH-BONEYARDS,oahu0012_0136,-5.445805884,12,5.172647917,6,10.6184538,4,2.379154557,4.258573904,7.189938306,6.851830692,6.564545741,10.6184538,10.16412823,6.408033251,5.161449686,4.341677829,4.474204457,0
SUNSETBEACH-BONEYARDS,oahu0012_0137,-6.144185002,12,6.519418577,6,12.66360358,4,2.7431776,4.131570516,9.184986983,8.050303152,8.982537144,12.66360358,8.44270141,7.064757813,6.555394686,4.001433519,3.80854623,0
SUNSETBEACH-BONEYARDS,oahu0012_0138,-7.415755184,12,4.553216278,5,11.96897146,5,2.638165497,5.587517705,9.435715057,8.750215203,11.96897146,10.74179705,11.16322867,9.196511469,7.530131877,6.072585535,3.39227414,0
SUNSETBEACH-BONEYARDS,oahu0012_0139,-8.555706394,12,6.105715478,6,14.66142187,5,1.395361571,5.485252574,10.55653999,11.92230307,13.02134131,14.66142187,12.49782186,8.462173425,10.67185267,8.247090562,3.939694177,0
,oahu0012_0140,-7.263912694,12,4.418151527,6,11.68206422,5,0.202028176,4.573625394,7.642553337,9.276875655,10.31088812,11.68206422,10.11179254,6.99748614,9.961587192,9.208557858,4.334138022,0
,oahu0012_0141,-8.832692881,12,5.021096732,5,13.85378961,5,2.366300089,4.891143052,7.383738988,11.34265559,13.85378961,13.28780203,13.1579082,10.30185026,9.843397921,11.05102813,5.498957655,0
,oahu0012_0142,-9.015755826,12,5.320292444,7,14.33604827,5,2.129054718,5.919519034,8.865936321,12.79163546,12.07178351,12.89275288,14.33604827,9.881733149,10.29597944,11.26514526,5.319947075,0
,oahu0012_0143,-7.980143235,12,5.858521427,7,13.83866466,5,0.896684712,6.052920182,7.921173496,9.98612202,10.96026938,13.08920383,13.83866466,10.38786536,9.843359892,8.922160756,4.45925117,0
,oahu0012_0144,-8.194232708,12,7.322936888,7,15.5171696,5,0.697694283,4.901670293,8.448668099,11.37517553,12.55062889,12.39981111,15.5171696,9.546059354,9.595019146,8.788688628,3.628270473,0
,oahu0012_0145,-8.607878806,1,6.514094811,7,15.12197362,5,0,3.654699473,9.744077177,10.75698885,12.82393066,13.39259743,15.12197362,9.890499366,10.76629688,9.875118853,3.933282203,1.291054433
,oahu0012_0146,-7.527834172,1,6.127512569,6,13.65534674,5,0,2.507579235,7.730683732,10.42025058,12.4068122,13.65534674,12.45184632,8.734957097,10.24650617,7.639992237,3.265305448,1.298089122
,oahu0012_0147,-6.998482684,1,5.693262048,7,12.69174473,5,0,2.974984939,6.917317229,10.85561209,11.53572202,12.66593171,12.69174473,6.509198841,8.931156041,5.626439951,3.91636636,0.294459888
,oahu0012_0148,-6.299345539,1,6.399128367,7,12.69847391,4,0,4.366743739,6.648049979,11.25800956,10.45363962,12.64951557,12.69847391,4.501002663,8.278355098,6.252635699,2.862796315,0.976689494
,oahu0012_0149,-7.224795127,1,6.132845969,4,13.3576411,4,0,6.238527327,7.683269932,13.3576411,11.63461522,12.45452916,12.22746925,5.992566831,7.210622943,6.652261312,2.443079705,0.190945684
,oahu0012_0150,-7.819091122,1,9.799321991,7,17.61841311,4,0,8.408748764,10.83330069,13.83087551,16.30544126,14.39666915,17.61841311,5.986507635,5.760367862,4.890652794,1.560568325,1.962595317
,oahu0012_0151,-5.919206354,11,7.484033131,4,13.40323949,3,2.170056551,4.306217606,10.94829667,13.40323949,10.89228237,11.80602634,12.87457337,2.262344203,2.889211808,2.200057632,0,0.520921467
,oahu0012_0152,-5.93465292,11,7.896016071,4,13.83066899,3,4.102006342,6.002452626,10.53150259,13.83066899,11.30787381,10.54256632,10.7490644,2.278651545,3.662988013,3.056169914,0,0.832245185
,oahu0012_0153,-5.453664718,11,5.195886271,7,10.64955099,3,3.958681081,5.44801707,8.986645867,9.820469172,9.634733962,9.633587977,10.64955099,3.200530983,4.284287246,3.118289919,0,2.30082903
,oahu0012_0154,-6.526363577,11,4.888433776,7,11.41479735,3,4.351234998,5.589033255,9.86868995,10.20981972,9.897802218,10.40386218,11.41479735,7.410657002,5.416931268,2.138494968,0,3.369429333
,oahu0012_0155,-4.938838675,11,3.96872531,7,8.907563986,4,1.704393844,3.025901218,7.630314605,7.274054451,7.477700003,7.321487572,8.907563986,6.674679622,6.351511432,2.110904823,0,1.203681387
,oahu0012_0156,-3.97995156,11,3.045935621,4,7.025887181,4,0.071813006,1.618364083,4.793077218,7.025887181,6.294737167,6.126897661,6.986114957,5.92936557,5.939113445,0.651922534,0,0.077128421
,oahu0012_0157,-4.364765353,11,2.885862817,6,7.250628169,4,0.485812019,2.615484724,6.503866599,6.849163134,7.051881991,7.250628169,6.517877662,6.179991451,5.308551311,1.376494389,0,0.518782526
,oahu0012_0158,-3.997533816,11,2.783797496,3,6.781331311,4,0.71819861,3.209513144,6.781331311,6.567735956,6.598417812,6.253877356,5.946004873,4.78596794,4.654603699,1.945471257,0,0.06018644
,oahu0012_0159,-4.333875289,1,3.358820903,5,7.692696191,4,0,4.483722678,6.194689294,7.405480744,7.692696191,7.013085289,6.013378506,4.47714782,3.77922304,2.66958388,1.056970888,0.076541566
,oahu0012_0160,-5.163750689,1,4.032266475,5,9.196017164,4,0,3.864416069,7.366148372,8.830189762,9.196017164,9.006021018,6.549930117,4.341758524,5.434387784,4.233039154,0.272007384,0.248805011
,oahu0012_0161,-5.201836218,12,5.05532375,4,10.25715997,4,0.846108026,4.008544649,7.603832825,10.25715997,9.004538661,7.550830664,6.808293187,5.477305978,5.678429435,4.368026282,0.581434586,0
,oahu0012_0162,-5.848385362,11,4.369681116,5,10.21806648,4,1.648411002,3.628828542,8.379536559,9.094819388,10.21806648,9.055087247,8.421768655,6.948352689,6.264768525,4.283794993,0,0.502633405
,oahu0012_0163,-6.626685228,11,4.788433896,5,11.41511912,4,2.098310186,5.186181002,8.327822766,8.014804906,11.41511912,9.417998148,9.255596777,8.544872509,6.221666806,4.225511989,0,0.853656451
,oahu0012_0164,-6.81539524,11,4.604191672,5,11.41958691,4,3.476742241,6.90368973,8.518784301,8.139085258,11.41958691,8.467952624,10.38924981,9.043778058,6.508018989,4.954638855,0,1.962184882
,oahu0012_0165,-6.787289967,11,4.572042452,5,11.35933242,4,2.744376498,7.814786861,9.532316881,8.636946723,11.35933242,8.967125409,9.451178553,8.96301249,6.931588294,4.611728181,0,0.810169407
,oahu0012_0166,-6.231777158,12,4.406182978,5,10.63796014,4,2.830237153,4.930619904,9.031238119,8.255253356,10.63796014,8.54129355,8.56167122,7.320517703,6.397799842,4.48510494,1.821679188,0
,oahu0012_0167,-5.469789251,12,4.607589509,5,10.07737876,5,0.050184299,3.559266034,5.183581083,6.783819289,10.07737876,7.773472753,6.756841572,6.75247333,5.81527606,4.550874951,1.255647415,0
,oahu0012_0168,-5.356528797,12,4.02225205,5,9.378780847,5,1.131812552,3.894954565,5.556488946,6.638485591,9.378780847,6.851692567,6.407933295,5.901622089,6.130205253,4.176516415,0.168394609,0
,oahu0012_0169,-4.657262921,12,4.529556592,5,9.186819513,5,0.47042301,3.044555895,4.782430485,5.915631837,9.186819513,6.466105508,6.116006988,4.541045903,4.752142436,4.079800358,0.36097927,0
,oahu0012_0170,-4.071826481,12,3.895867218,5,7.967693699,5,0.742389808,2.994914424,4.6424928,4.672519793,7.967693699,5.368053512,5.125132913,3.652597025,5.124080656,3.586288859,0.099000672,0
,oahu0012_0171,-4.229819829,12,3.877785991,5,8.10760582,5,1.51144514,3.112815078,5.129134415,4.9847793,8.10760582,5.337698006,5.991290182,4.464564787,5.685364278,4.476519117,0.969322226,0
,oahu0012_0172,-5.137240994,12,2.600351216,7,7.73759221,5,1.500061535,4.833303521,6.340765665,5.445800041,7.635762354,7.317666361,7.73759221,6.33018608,6.755619633,5.467700629,2.636808618,0
,oahu0012_0173,-5.955780097,12,2.81662079,7,8.772400887,5,1.551556934,4.818056594,7.039448477,6.25668151,7.735431335,7.755215728,8.772400887,8.306740181,7.16298422,6.525085032,3.347747074,0
,oahu0012_0174,-6.829900335,12,5.245784307,7,12.07568464,7,2.000544253,3.70108054,6.623069638,5.735314226,9.443803584,9.971586377,12.07568464,10.58158526,8.944361422,6.809661613,2.790457796,0
,oahu0012_0175,-8.76338942,12,4.738300493,7,13.50168991,7,2.405200088,5.866237116,9.325240889,8.515350634,10.94013114,13.35276635,13.50168991,13.49500606,10.90815035,8.098635013,3.799489145,0
,oahu0012_0176,-5.753738215,1,5.559291344,7,11.31302956,7,0,4.240267482,5.53030656,5.938506402,6.208228843,9.526193855,11.31302956,10.54446227,7.24193084,4.331841303,1.521121955,0.197896184
,oahu0012_0177,-6.939476416,12,5.403338377,6,12.34281479,7,0.578448673,4.146879368,6.383376786,7.737620479,9.074187355,12.34281479,12.1713565,11.67125634,8.342371529,6.781369285,2.694924524,0
,oahu0012_0178,-7.178972404,12,5.023443616,6,12.20241602,5,2.027247882,4.653171222,7.650534025,8.096871284,7.97244041,12.20241602,11.93251092,10.00383042,8.024324738,7.002264139,2.118686753,0
,oahu0012_0179,-6.38042799,12,3.869257546,7,10.24968554,5,1.795261121,3.525903147,6.703972203,7.620398911,8.580686056,9.952715607,10.24968554,9.112439705,6.795107208,6.211577109,1.718839714,0
,oahu0012_0180,-6.431043422,12,3.27388648,6,9.704929902,5,1.395266991,4.518592407,6.997789243,7.754252819,9.296747336,9.704929902,8.677457441,8.58905468,7.615317828,6.4131245,1.441300422,0
,oahu0012_0181,-7.111974403,12,3.867472235,6,10.97944664,5,2.805486791,5.774190191,7.637093751,9.217338389,9.970941447,10.97944664,10.03874542,8.210610887,7.712033428,5.639086652,2.538307466,0
,oahu0012_0182,-7.27687565,12,3.945166811,6,11.22204246,4,2.971937347,6.756284401,9.955879758,9.515417059,9.896837119,11.22204246,8.827630556,8.512459413,7.556830233,4.926356942,2.565629058,0
,oahu0012_0183,-7.661675835,12,4.344055887,5,12.00573172,4,2.928693781,6.759408245,10.58352603,11.23767998,12.00573172,11.97901372,9.736000777,7.578723336,6.79019699,4.284998632,4.370307516,0
,oahu0012_0184,-5.436882483,12,5.49898256,6,10.93586504,4,1.037724008,4.004061538,7.314576086,9.673440366,7.870907069,10.93586504,9.803679583,5.848632712,4.540577722,2.956145571,2.345383389,0
,oahu0012_0185,-4.543195801,1,6.228331953,6,10.77152775,4,0,3.262637092,5.970444532,8.047671201,8.001543489,10.77152775,8.010038026,5.354172811,4.314570395,2.094257792,0.857418688,0.450377659
,oahu0012_0186,-5.65101447,12,5.137784947,6,10.78879942,4,1.723718369,4.37095656,6.271860845,8.238891215,10.00120026,10.78879942,8.831698701,6.580977222,5.307939773,4.444341656,1.801248441,0
,oahu0012_0187,-5.491533849,12,5.29373359,6,10.78526744,4,1.074488343,3.593531959,6.488989547,8.130173118,10.66148509,10.78526744,8.676160167,4.497656245,5.489635318,4.641545313,2.128684018,0
,oahu0012_0188,-5.212676857,12,3.690506043,6,8.9031829,4,0.469847907,3.70826359,6.885594654,7.838991797,8.882462028,8.9031829,8.793176689,4.979136427,3.992328426,4.37569969,2.492212631,0
,oahu0012_0189,-5.505931398,12,5.207949092,6,10.71388049,4,0.940749892,4.439482777,8.182892484,8.443081128,10.02116781,10.71388049,9.699486773,6.154817635,3.8741626,3.481316642,1.529159943,0
,oahu0012_0190,-5.2943095,12,5.977118844,6,11.27142834,4,0.418801121,4.015349601,8.06313777,6.908703904,10.3828897,11.27142834,10.59848558,6.40422727,5.106757118,2.51844557,1.011836871,0
,oahu0012_0191,-5.92782232,12,7.0813075,5,13.00912982,4,0.582699573,5.387896168,8.060794985,8.4333117,13.00912982,11.77860822,10.62398796,6.719557119,5.745090047,2.850777675,0.453076034,0
,oahu0012_0192,-6.400832468,11,7.856162868,5,14.25699534,4,1.608837921,5.892293893,8.49648298,9.419895685,14.25699534,12.41207557,11.48812014,7.163070339,5.535904838,2.607154965,0,0.684462229
,oahu0012_0193,-5.925506653,12,7.833462707,5,13.75896936,4,0.758602809,3.776111484,6.722433669,8.407742156,13.75896936,12.46109018,11.89993615,6.848954,6.024537905,2.444735004,0.338190368,0
,oahu0012_0194,-6.240183664,12,7.750850095,5,13.99103376,4,0.671180333,4.203524297,6.638423949,9.691743451,13.99103376,11.80458194,13.02912413,7.759804781,6.689832475,3.624287677,0.300804328,0
,oahu0012_0195,-7.281324322,1,8.02152833,6,15.30285265,4,0,4.56642964,7.391036865,10.31415622,13.99690345,15.30285265,11.79315707,10.46371014,8.611342161,5.213586588,0.376610796,0.318738016
,oahu0012_0196,-9.134001953,1,7.999482877,6,17.13348483,4,0,6.083340528,9.712907831,13.25693356,15.86743726,17.13348483,15.28216803,12.10730804,9.495751575,6.946068717,2.223498085,0.996114872
,oahu0012_0197,-8.844697274,12,7.421473009,6,16.26617028,5,0.0013479,3.638010412,9.6272164,12.96868792,15.41631814,16.26617028,13.91088886,13.26757107,11.02851432,7.665354119,1.692128453,0
,oahu0012_0198,-9.076497974,1,6.13395048,5,15.21044845,5,0,4.885187477,8.92322928,10.7996767,15.21044845,14.90876059,13.63501857,12.72199031,13.03845603,8.902251517,3.288109763,0.982277227
,oahu0012_0199,-7.604974139,1,5.567149826,5,13.17212397,5,0,2.953191542,8.39965556,9.842039854,13.17212397,13.12934993,11.11930972,9.98026972,11.14902591,7.213426835,2.359112607,1.297132087
,oahu0012_0200,-7.014424179,12,5.471834658,5,12.48625884,5,0.25064683,3.371543122,8.735308227,9.952943988,12.48625884,11.66480967,10.25679717,8.926523684,7.95451166,6.332779591,2.017586149,0
,oahu0012_0201,-7.020111884,12,7.983614758,5,15.00372664,4,2.162243346,3.683928529,8.214548424,11.26514041,15.00372664,12.42008744,10.79820663,8.364722411,6.583892771,5.320708526,2.268850965,0
,oahu0012_0202,-5.181708839,12,5.463585508,5,10.64529435,4,0.351311001,2.290365201,6.878567525,7.983062901,10.64529435,9.989152228,8.917488318,5.255168032,4.926646131,4.276424457,1.482143718,0
,oahu0012_0203,-4.446869362,12,5.129739011,5,9.576608373,4,0.212305095,1.807085494,6.430048649,7.709145695,9.576608373,8.607297598,8.100542172,3.813549245,3.840064888,2.870749047,0.836765421,0
,oahu0012_0204,-3.69637745,1,4.007797398,6,7.704174847,4,0,1.952901498,5.116570304,7.276134213,7.55365948,7.704174847,7.179951854,2.092967511,2.669664565,2.175756469,0.295869375,0.10295552
,oahu0012_0205,-4.252149065,12,5.077906028,5,9.330055093,4,0.097713849,3.579963015,6.027693071,7.343968794,9.330055093,8.610705262,7.810166933,3.575932493,2.994756756,2.87864394,0.776030125,0
,oahu0012_0206,-6.319594387,1,6.261808292,5,12.58140268,4,0,5.842479257,8.153748743,10.50824092,12.58140268,11.46324131,10.4849414,6.6455129,4.399545006,4.348041568,2.064964476,0.308620747
,oahu0012_0207,-6.945852347,1,6.345045182,5,13.29089753,4,0,6.400964041,8.640260639,12.23745104,13.29089753,12.14929318,12.27666537,7.534564215,5.188450143,4.655701872,1.466198653,0.75754021
,oahu0012_0208,-7.973388516,12,7.328268962,5,15.30165748,4,0.379199726,5.428619743,9.675726213,13.27852491,15.30165748,12.67245509,14.42740621,9.042564272,6.630261348,5.679930977,1.855848356,0
,oahu0012_0209,-8.083178695,12,6.726635447,5,14.80981414,4,1.034710936,5.512360918,8.287970118,12.85042639,14.80981414,13.71092685,14.300779,10.00747533,6.707605635,5.912115577,2.351341675,0
,oahu0012_0210,-6.887383714,12,6.150918696,5,13.03830241,4,0.699544674,3.860586541,6.71054949,10.37222203,13.03830241,12.70727089,12.42771295,9.015948345,5.93129397,4.816951538,1.682200721,0
,oahu0012_0211,-6.283102968,12,7.951946858,7,14.23504983,4,0.976759819,3.818643963,5.7063065,9.848011792,11.19756908,10.72879303,14.23504983,8.63873278,5.386581924,3.948505735,2.170752505,0
,oahu0012_0212,-5.43058255,1,8.246886813,7,13.67746936,4,0,3.423136165,4.915696625,8.314674554,10.51651581,9.847475573,13.67746936,7.456093263,3.636589909,2.901536918,1.791792173,0.326367463
,oahu0012_0213,-4.901827016,1,7.27404668,7,12.1758737,4,0,3.645956877,4.24053421,7.691314883,9.963802526,9.215401814,12.1758737,7.41606427,2.840041358,3.016471048,1.558453278,1.050677377
,oahu0012_0214,-3.457297028,12,5.624527859,7,9.081824887,4,0.142177606,2.865497502,3.142502439,5.392135307,7.287761849,7.50385671,9.081824887,5.314289314,2.013552376,1.868197939,1.367293351,0
,oahu0012_0215,-2.595832633,12,4.754933036,7,7.35076567,4,1.169430439,1.172893014,2.540020129,3.814584676,5.286962724,6.402459751,7.35076567,2.404567308,1.475187518,1.349356479,0.468548226,0
,oahu0012_0216,-1.649092459,2,3.46243909,7,5.11153155,6,1.59871732,0,0.208540293,2.160073556,3.163052462,4.4519201,5.11153155,0.133343533,0.600563239,1.557023197,2.946444134,0.002294042
,oahu0012_0217,-2.585845417,2,3.026558579,6,5.612403995,6,3.683008536,0,1.430835482,3.470666427,3.125354397,5.612403995,4.686811723,0.940483576,1.049980099,2.273402972,5.129449093,2.18034307
,oahu0012_0218,-1.663397218,12,3.37663912,11,5.040036338,10,2.064414787,0.656516572,1.297056628,1.543903167,1.590935458,3.34153772,2.598354175,0.019116023,0.476432215,1.635538755,5.040036338,0
,oahu0012_0219,-1.830717482,9,2.561913608,6,4.39263109,10,1.530585962,1.383361711,1.746684328,1.718540955,2.270372972,4.39263109,4.193390604,0.808080646,0,2.043349103,3.33704309,1.659908741
,oahu0012_0220,-1.74343068,11,2.557819363,5,4.301250043,10,0.613189134,1.547254026,2.509963557,3.110678026,4.301250043,2.514987605,3.616615557,1.553700145,0.190620995,0.623880531,0,0.94093821
,oahu0012_0221,-4.842460472,1,3.863136847,5,8.705597319,4,0,3.471322642,5.947275248,7.594206742,8.705597319,7.948530182,7.828799109,5.708814569,3.649756099,2.610792658,1.242746989,1.191083339
,oahu0012_0222,-5.99019073,1,5.71678086,5,11.70697159,4,0,4.088085672,6.783658341,9.484873611,11.70697159,11.13631442,9.081591723,6.771439762,5.719659265,2.921620256,2.620005925,0.519205347
,oahu0012_0223,-7.703304559,12,7.155827785,6,14.85913234,4,0.580846331,5.234240523,8.245175452,11.87738087,13.9920877,14.85913234,12.64380784,9.690278251,7.754013939,4.45847529,2.374678098,0
,oahu0012_0224,-8.644161363,12,7.204790574,6,15.84895194,4,1.525419782,3.955552859,9.348557936,12.88007621,14.98699918,15.84895194,14.50487205,11.31489051,9.787044204,4.246533244,2.492564597,0
,oahu0012_0225,-9.034625936,12,7.470485296,5,16.50511123,5,1.377666038,5.409435089,9.672239699,12.32219963,16.50511123,15.70278115,13.41472293,12.41091601,10.44942471,5.95601046,2.91504476,0
,oahu0012_0226,-7.844237065,12,8.337183588,5,16.18142065,5,1.225870558,2.009246532,8.494712852,11.62632478,16.18142065,13.62001181,11.36008734,11.48963369,9.419499054,4.725112666,1.673313187,0
,oahu0012_0227,-9.489836547,12,5.851123272,6,15.34095982,5,2.733031972,4.880698217,11.11016766,13.68442201,15.15002028,15.34095982,14.19609958,13.15299529,11.14534462,7.150204099,2.850705813,0
,oahu0012_0228,-9.545877232,12,6.155332093,5,15.70120932,5,3.428561308,6.029254111,10.08447663,13.74467141,15.70120932,15.28041859,15.57434978,14.06208719,10.60682666,7.221366979,2.04088877,0
,oahu0012_0229,-8.576775534,12,6.819584988,6,15.39636052,5,2.844751165,3.555593628,8.541205369,12.96564291,15.17514636,15.39636052,14.16484419,11.77803119,9.536339821,5.909287961,2.923320125,0
,oahu0012_0230,-7.3969311,12,7.859411269,5,15.25634237,4,1.277010963,2.576673319,7.755923201,11.87365858,15.25634237,12.69005545,13.40340072,10.45693558,6.973830186,4.802683502,1.552050513,0
,oahu0012_0231,-8.269866807,12,8.235680364,5,16.50554717,4,2.445293228,4.49202293,10.30552249,12.13635883,16.50554717,15.42589548,13.26706422,10.75167313,7.898340844,4.828854319,1.739970586,0
,oahu0012_0232,-8.276422644,12,7.722726039,6,15.99914868,4,2.950096394,4.289182299,11.02726716,12.75002009,14.00965209,15.99914868,11.41168063,11.08301341,10.09033296,5.871388818,0.950865112,0
,oahu0012_0233,-8.96670818,12,7.197896097,6,16.16460428,4,3.866525399,4.517999834,11.77611018,14.37392994,15.92782504,16.16460428,10.16938772,11.14230974,8.655240427,6.717354558,1.462043665,0
,oahu0012_0234,-8.1121421,12,8.111183921,6,16.22332602,4,1.218758406,3.334088647,12.11120067,14.00400356,13.69603692,16.22332602,9.504728983,9.508326573,8.024321703,4.470683865,1.482761354,0
,oahu0012_0235,-6.861467381,12,10.45326792,6,17.3147353,4,1.1253749,3.559140426,10.9475952,13.05144697,13.07288382,17.3147353,10.21445331,8.698980893,7.73571507,3.770308703,1.055409958,0
,oahu0012_0236,-7.899754124,12,9.410606321,6,17.31036045,4,0.898104632,3.045764667,9.899492011,11.21786772,13.86629536,17.31036045,12.49332114,10.73584014,7.833882733,4.70324252,1.298120796,0
,oahu0012_0237,-8.12308289,12,7.798990743,5,15.92207363,4,3.404600781,4.735494583,11.48263363,13.4855627,15.92207363,15.75650307,12.40551047,10.89340871,8.125318709,5.288734688,2.46385332,0
,oahu0012_0238,-7.786295057,12,6.708186867,5,14.49448192,4,1.616232052,4.545191381,10.00417282,11.88946348,14.49448192,13.03289919,13.27097137,10.26029428,7.893435889,5.506828792,2.738687428,0
,oahu0012_0239,-8.614816938,12,6.959334178,5,15.57415112,4,1.986740497,5.978349205,10.48851948,12.48083336,15.57415112,15.33005909,13.39973358,9.649740799,9.446571664,5.394261211,2.907435609,0
,oahu0012_0240,-6.384386271,12,9.465535551,6,15.84992182,4,0.157280955,3.55628339,9.123786154,9.512637183,14.64929297,15.84992182,10.62336734,7.540890018,6.433739475,1.645379399,0.551241408,0
,oahu0012_0241,-6.555404359,1,8.83775124,5,15.3931556,4,0,5.252584319,8.242761325,10.8326149,15.3931556,12.16503069,9.834804539,7.94108044,5.100854003,3.274204841,0.325803772,1.197988121
,oahu0012_0242,-6.97287638,1,8.344112601,5,15.31698898,4,0,5.023439222,8.591352815,10.09651463,15.31698898,10.74680364,9.010387134,8.761549072,7.910607456,5.67443181,0.892412696,0.368594936
,oahu0012_0243,-6.455655129,12,5.280777486,5,11.73643262,5,0.216077062,4.31732294,8.023482469,9.043770195,11.73643262,10.10359349,9.664732349,8.390591485,7.841680099,4.830174711,1.731193029,0
,oahu0012_0244,-6.490709422,12,4.773200257,5,11.26390968,5,1.430959497,4.297088009,7.423252654,8.399467066,11.26390968,9.120697685,8.355691795,8.547957359,7.858553796,5.172331163,3.259535591,0
,oahu0012_0245,-6.09708087,12,4.639175423,5,10.73625629,5,1.495547221,3.40773593,7.810639223,7.798354679,10.73625629,9.194667896,7.678744995,8.785543253,7.682424354,4.626308615,1.422651217,0
,oahu0012_0246,-6.615021562,12,5.403862784,5,12.01888435,5,0.555483251,3.509873771,8.24748369,9.103826083,12.01888435,9.872220516,9.279393218,8.936368057,8.506268912,5.574753813,2.116081505,0
