transect,2013,2014,2015,2016,2017,2018,2019,2020,2021,2022,2023,2024,2025
oahu0012_0001,-0.9789574567172951,-25.273846547773843,-5.880574658392625,24.99861314459433,16.575412097266597,-12.186667575405625,-6.326787700939947,3.440373139230488,-2.517513605166324,-6.4366921920936475,5.00895792157946,8.043608610034422,
oahu0012_0002,7.771844795290949,-4.590006944596757,0.4757263731878294,16.964195342670145,14.144310871955343,-6.510809813864051,-4.915410497917835,-0.7960414659587498,-11.159342999427224,-10.626741508386079,4.03001190868298,8.775651151339689,
oahu0012_0003,7.492806985795782,-5.3745018227531975,0.17374374670294748,19.13747360623506,16.743180974604208,-8.506093495712987,-5.987939058136169,-2.291781728120215,-13.141809214336618,-11.833914241385774,2.825035897104593,6.832824796165887,
oahu0012_0004,-4.040399829953204,2.002272537423283,10.08991989217367,20.96163548773827,9.692952220549707,-10.788368154673813,-9.015374781663544,-2.772906141704287,-11.753064335706753,-10.637020493204316,2.8461304990427214,5.382228186300006,
oahu0012_0005,-6.110948675718615,-0.2743726496866153,11.28114178156973,22.76867638727432,10.005490959689709,-10.497031379980426,-9.508400038029135,-2.468319958811229,-11.795579701981907,-9.589409701764604,5.184071203444522,6.515836260472111,
oahu0012_0006,-5.504783582105306,0.11915418988232233,12.691681375822219,23.223663196249117,9.563189958669248,-10.940021440702033,-9.364284657889481,-3.234762100640092,-11.47577608448649,-8.10005674995891,7.275278262166418,7.752405632077444,
oahu0012_0007,-7.3630940826053095,1.2113912376163665,12.175518981412525,21.825786754290306,10.388466439936149,-9.163357541527956,-10.770420954775267,-4.659616019135048,-11.675975829712504,-7.782150127724419,9.111304847466583,9.536836546393335,
oahu0012_0008,-7.3560809943990275,0.08712687692127759,11.608204890017246,22.005239969569388,12.679147296272149,-8.483693092379623,-10.575065854042684,-4.006912852518093,-9.699500598389704,-7.630876567709383,6.472380116189873,6.171669201603185,
oahu0012_0009,-7.2110999377066785,1.0564996983268975,11.724535088787981,19.885827146761866,9.408133014287602,-8.45255587134879,-10.380616669896515,-4.015294202729494,-9.087062329832944,-7.695931055390436,5.809949683148751,5.212212962837044,
oahu0012_0010,-7.9880630269294155,-0.8110478311543093,11.711341823645503,21.862074601930154,10.362280630162635,-9.740162077733299,-11.234611502032783,-3.2173491791694113,-7.1019513524237565,-6.509361761725154,4.986920982491205,4.093695371973161,
oahu0012_0011,-8.15467371305485,0.821237568932027,12.41595614205569,21.618614729021765,8.726438855602815,-9.415688961443655,-10.10377799220175,-2.178055986221035,-6.644194749908957,-6.414930801589524,7.099557615434673,6.799063744215807,
oahu0012_0012,-6.875955584370166,1.0872964818288695,12.540794268709371,20.54772926333697,5.569597852050106,-9.973414988160192,-10.158176375766125,-0.7754597124055528,-4.527551788957889,-4.064134848895497,6.262393494479047,4.988186642832307,
oahu0012_0013,-5.168704474057476,-3.1864318437401424,7.874173567317563,14.046751831126251,1.9753494579200097,-8.120450517466548,-6.832316089096666,-1.4761492347336576,-2.8576397552637225,-1.848523512237677,6.0089083573083615,6.0422801683745,
oahu0012_0014,-2.7290459864696555,-1.6892965031772265,7.589789748930751,11.52730932571387,-0.24277029985497173,-6.000003832271173,-4.683035479711152,0.7410982325973208,-1.3995642862647257,-1.5085035804771938,6.765239247638139,6.945504061234078,
oahu0012_0015,-1.0966571516715584,-0.19040833014723238,7.448589829219998,11.270022010330216,0.693147059849958,-6.011448896318635,-4.069581057817008,1.0258822258898925,-0.05251248665026216,0.0684058869171168,5.591083702010469,5.96002023822437,
oahu0012_0016,2.50946826025676,1.5940076231024884,6.754008682505904,10.805524452395792,1.8253142609001345,-5.146594463146792,-2.8736836252497473,0.42183957127676636,0.47919769941372753,2.586936154527274,5.773516218747586,5.0384822279899035,
oahu0012_0017,2.772093977312558,1.2059411516466403,5.589073422435317,9.547033893365015,1.471395747622556,-6.277622264764468,-3.00864985907822,0.20909922753909943,0.963622574908279,3.860909187290251,8.51336372377919,7.411246026342908,
oahu0012_0018,-1.903472095342766,-3.5613807479070494,6.4461215183145395,12.07744360240635,1.8055255855302124,-6.847351481544868,-3.764885819251375,-0.37673554631373996,0.29391352207706783,0.6347212338952067,6.450435922257572,7.357428874475235,
oahu0012_0019,-4.544843692715831,-7.706188184853632,5.76294875472599,12.55356476214919,1.399805600077898,-5.927461777400926,-3.0056961326708076,-1.4764645130450604,-1.492830381721031,-1.9836842106586552,4.904965769499254,7.001228684468362,
oahu0012_0020,-3.340262288486763,-1.4107751053674507,4.784024637995022,8.028974517087818,0.8797018776942194,-2.567999057105013,-0.3013098619417228,-1.7328472890350184,-3.0489274905135844,-1.4429391761573473,6.445242232166326,7.70808122069537,
oahu0012_0021,-4.78304880354496,-0.5998020291913096,5.388496682797238,6.806972722699883,1.563402571379694,-1.2871047280741206,0.6040265023344242,-1.008530702484806,-2.763890681389563,-0.8879250632588843,5.865785443087088,6.4168602979222555,
oahu0012_0022,-6.549693354904873,-2.301761637943282,5.952840147414979,9.79405959543887,3.1286752126730217,-1.1816021108319175,0.5875966909513249,-0.4745982892132378,-2.7830205313716943,-0.9835439246689428,6.5219267979826,6.26618602202136,
oahu0012_0023,-7.5600205649399035,-3.0157384003496706,5.353816116742704,7.755034597196717,1.3572570198470504,0.1551009700450293,3.0600804556126935,0.6987579667329402,-3.694813688837945,-1.7235141108268857,5.530146836795104,5.193877217065521,
oahu0012_0024,-8.815171025023256,-6.040842071853075,2.7875797362735617,7.711972489335886,5.118165160030549,2.612063375951558,3.6129190074299404,0.6549333195924989,-5.547865280254277,-2.6825384664501923,6.202385731038385,5.822486813663871,
oahu0012_0025,-10.603928689324384,-7.076537668892845,2.447705197867048,9.260624282864784,6.523016203688623,2.786424907482898,2.4486644024465796,0.45442845450381575,-6.627952555565721,-2.995690113482925,3.9956213434185606,4.25660809339927,
oahu0012_0026,-11.387202648156316,-9.081426699582416,0.07345101299053805,7.5891948157922045,6.361883072938905,2.433988806158974,-0.6550201341360417,-0.4271767409738116,-5.733309529100738,-1.3506489768373346,5.936877956929402,6.670281375794861,
oahu0012_0027,-10.716469840014069,-7.460035520413736,0.9318718203689067,8.52847848169242,4.876214959668302,0.38143678308139684,-1.87720792562538,0.09428421358155828,-4.20701713218524,-3.0937322037904864,3.822895689316692,5.044705688722206,
oahu0012_0028,-6.611059686726267,-4.637282848689457,2.05225670552441,9.513808793393508,5.856371541020542,0.06429299090744693,-4.483522866877214,-1.0536186148412179,-4.4605506166774385,-2.000621155507035,5.170488254543866,6.257040079329115,
oahu0012_0029,-8.521179383106604,-4.896466446493836,3.8069177428485452,11.066870727351787,5.956655021335774,-1.1380591026768694,-5.234954716683702,-1.1016689671031354,-4.361007855469204,-2.709138379434441,-0.6657454398691486,0.16273630107926396,
oahu0012_0030,-9.709404912541368,-6.073564255951428,4.265562799947009,11.821275693677684,5.8775527112279535,-1.5750250871699185,-3.692362944995351,-1.412298283632003,-4.255610035202714,-2.4175762816504194,0.11816739788107974,2.1166745050410163,
oahu0012_0031,-9.720512554569355,-7.871172184358469,4.69348430194918,11.286593094314654,3.7789394588537304,-2.6677186796337224,-2.8477812869669266,0.9940317900765921,-3.739780552976604,-7.974596833732034,-2.836322841383763,0.6170514636342038,
oahu0012_0032,-11.094492762110553,-9.259350748440477,3.6593113044958883,12.733596697383224,3.4661176146658095,-3.1384866433227696,-2.747804822635948,3.2424837504969672,-0.5850629664978642,-7.155479447102517,-4.360644347590568,-0.7841804545487862,
oahu0012_0033,-8.450538469324778,-5.138455570252579,2.1123574599017068,12.33396450486945,4.76252708069223,-3.970451951708538,-3.0876010639281235,4.02768853857954,0.4994258777744616,-6.405104427354823,-0.8698127236454352,2.8226084445678437,
oahu0012_0034,-4.77121889911037,-13.822021736007665,-2.4825846319481375,13.927610967723174,8.13714209398031,-1.9301137864455786,-1.119803746830669,2.25532132553844,-0.8745832854272532,-4.584610508441809,1.5131243141206487,5.3154150647689145,
oahu0012_0035,-3.336155739539012,-6.297039377964101,3.95311122592358,14.425853590037356,5.505753908692818,-2.511911067264312,-0.5619053539703623,3.0214440068222985,0.7113252033088671,-6.244014902909671,1.1038698235123818,6.170531827702757,
oahu0012_0036,-3.424410296807244,-3.2159093324920978,4.818266516339586,14.8602790605324,5.9028460268150065,-4.999018847500769,-2.325510372740667,4.071362900865969,-1.3708340157894712,-6.867859470219036,6.329977685084846,13.316006191880726,
oahu0012_0037,1.7313889870742014,0.3899084220291677,5.86504134873074,10.484219980059509,2.5858810267553047,-5.335049351212349,-0.0775435497484735,4.92524345703864,-1.1573383682127618,-7.722612375490222,4.513691722065258,13.275245222254533,
oahu0012_0038,3.752095219570461,5.029060095285109,6.069053023306322,8.32416156092624,3.2591190570120436,-3.8933505798834105,1.3193417306481199,4.767690727610413,-1.2227395174976852,-6.121159426334413,0.9598152259025667,8.177315472253582,
oahu0012_0039,4.18690556493212,5.383787371090134,2.798534380391308,7.5517414175422335,6.768694992607661,-2.8134748112229784,0.5421687632756655,4.87092268589615,-0.14141928916650343,-5.959498634378201,-0.48208121715621255,6.326790208661232,
oahu0012_0040,5.717232218051439,4.486127836581746,1.0528275981247366,8.24060935855067,7.130481193795074,-3.7287154745582365,1.915337419567773,4.053406858140965,-1.264219067019877,-7.189821672736608,0.570133289706739,7.8599659194430025,
oahu0012_0041,7.035305250533157,8.380298924641934,0.7511164490672849,1.8161121523696429,-0.3960323557531587,-4.423932038659587,4.446883498507909,4.725449051585418,-0.89961108734648,-6.395507564832367,0.4204472685665192,7.0407454696475185,
oahu0012_0042,9.793255868347872,6.205353689643056,0.6852141171170893,3.7840401211371653,0.13526050510910675,-3.3972444556512955,1.5044943277169405,3.4887696116275397,2.108497403443609,-3.62034674353428,-1.482279568308535,4.069293788200053,
oahu0012_0043,9.484090082562224,8.065781319301383,2.1195094445049376,3.9130923132549906,-1.4736079879311814,-2.8075970015081597,4.725825865870489,6.065536884528492,2.8148084731150282,-2.7774608280984934,0.009512238391524685,5.230199746237733,
oahu0012_0044,9.27467003149586,8.204738139107214,1.0725292344617754,3.2985284945457374,-2.575070420667816,-3.603883823370688,5.156691623638898,7.699311676878324,3.353811158938735,-1.261650634843954,5.329259402459071,9.991292304761505,
oahu0012_0045,8.36104735504866,8.445030267806544,1.1995751144303453,3.401466436042848,-3.220051658563874,-5.917034061632377,5.402104437775298,7.160369618847103,1.5982996444919515,-0.12668399851932446,7.426141023214866,11.725712643612011,
oahu0012_0046,18.663725906648935,10.302940782333035,0.8359924174976018,0.6946637620553024,-4.191321148573401,-8.823427820517555,2.902834522232261,8.412534024872649,5.011677710471514,-0.6356619151919197,9.808902756241624,14.01634835594688,
oahu0012_0047,16.48103067003051,5.277981430618385,-3.456917212230678,-2.544006133847655,-2.8096052330461956,-6.749404790891909,3.7081840143961426,6.2728966331504585,5.860062796675764,0.24165457441212174,10.007378230257627,14.266385275077472,
oahu0012_0048,10.141988016590414,-4.197446843729953,-9.719871176058332,-7.175526100109176,-7.336911678115892,-6.289038974481418,8.241145700288964,8.249208682400026,7.468315267518632,1.074416569439508,9.899486599786911,13.944815179418852,
oahu0012_0049,8.217902475013064,-9.44413882489008,-7.910066769808007,-2.326737414348244,-7.084060888758789,-9.665032464437772,6.784070013736928,8.573748516324867,5.845491103911532,0.20194520736887134,10.063938245133192,14.295066359575872,
oahu0012_0050,5.868667612399991,-7.0546828472987055,-1.0853602141211858,2.2028427361785545,-4.747330894373219,-4.881947724795941,10.189547878126518,6.299321433256683,0.9295141413555241,0.8114387842933733,8.949625907229688,13.971222832486418,
oahu0012_0051,7.996631544828358,-2.1569652214430506,-1.2716529544133985,-0.4759957017426614,-7.716133187529246,-4.2000678539508245,12.54151391075196,6.451888804896928,1.9443648806975211,3.7297884948131412,8.35157886809288,11.32542625127634,
oahu0012_0052,8.30323976195401,-8.89565341498222,-2.337684079748975,-4.212945460669125,-9.064701280940453,-2.372129823004023,11.39428074014372,10.951706979636581,4.7820662810012005,1.5773619589680896,-2.160224391648318,1.9318133625299267,
oahu0012_0053,11.343502072727247,-16.849944772069254,-12.071292795719923,0.24829445962421964,-4.098139025823242,2.2381210006663954,8.103853625058566,3.6227326366323265,0.6373570929811122,2.383545089616556,-2.22541320508319,1.9202288399261855,
oahu0012_0054,18.9450909835252,-4.5943023770466,-8.788738036359513,-5.802757663688576,-10.40970069177035,4.345549820083285,11.01643596185058,0.7484096279804401,-3.707903346923648,-1.4973362055497985,1.4507598043951964,6.972626604772207,
oahu0012_0055,26.120203502046344,2.556295926479651,-11.230578170213407,-8.341210609992856,-8.834307913203785,5.253742403662142,11.143869798107056,1.2123858502936664,-1.884583325134916,-0.12070995602565078,-2.5037879881839484,2.217306201221395,
oahu0012_0056,10.47273063575413,8.303327718386647,6.700306582508413,-0.4749138743977075,-7.019745605300485,6.5368263401117535,7.716145056640953,-1.501147861036723,-0.5562427397688021,2.8554369771778547,-4.1247407363302395,-0.77762231360537,
oahu0012_0057,1.5423414354755678,-11.873307511443379,2.142752087506993,9.682072671406587,7.141020354195064,10.259505437026721,-3.183073335671857,-8.974959536364594,2.4158982447979116,7.354169957917227,-2.911491036209957,-1.2610349450242164,
oahu0012_0058,8.990708911233117,0.9587785737160186,-2.452363790703868,-7.21851772338974,-4.3295861141685235,10.920504862121364,5.36258255985799,-6.806028013250112,2.939276224304323,7.970944112260574,-1.819072202503612,-1.3256121375667937,
oahu0012_0059,17.27398955801614,-8.541115118722685,-12.409324810437347,-5.356457746865449,0.4171911207995246,9.433463079368146,3.0219401726785575,-7.074125669849727,2.304345257744707,9.535005162190366,0.7894407398598337,-0.05615184532192264,
oahu0012_0060,17.797027434036885,-10.003015624070107,-12.76694711514566,-4.149053835502576,0.8060056771913101,8.048956369024188,3.7603608560745307,-4.156218587634073,7.30999135100809,10.465128217198382,-1.2925443797571003,-3.3560864414523666,
oahu0012_0061,12.524698851911902,-11.817321581469566,-15.916810641509445,-5.420956595989332,3.067141596893542,10.24245052561612,4.75016220959899,-4.256871064421982,5.847166211147991,7.307879606538073,-5.492781545687477,-6.191178885811131,
oahu0012_0062,14.395960808580746,-9.158613639585516,-15.837541936288144,-10.096017324611681,2.312218759736845,14.541203962125401,5.572753838329003,-7.685538313207607,4.1286177449752595,7.4067473874342316,-4.840862424945122,-5.336440312762625,
oahu0012_0063,10.380288094185762,-13.230348732265814,-18.173348713484454,-12.003376065441861,2.744221113413323,16.00419215945373,4.489489950841048,-8.134280444508146,4.599671012404033,9.687931886149835,-4.107435536123951,-5.985792439686475,
oahu0012_0064,10.878392856136907,-24.500505960454696,-25.164958727318815,-9.672119329614315,11.0434673515031,19.479234581561442,1.5193769634038818,-10.887389420285157,2.522697205405005,8.943671276842784,-2.153128085315374,-4.207325120669691,
oahu0012_0065,5.505858287832091,-13.25745001239755,-16.516597620981646,-10.39596618856118,8.751990289166887,20.821690233375218,4.584475719405533,-11.073536923910456,1.3912630685105876,9.19904156564313,0.07060850908011061,-1.9124313029473714,
oahu0012_0066,2.1031654502761845,-14.772528964973727,-17.79323581523433,-12.94755031132532,5.965590882128766,22.0980844050956,6.2884275279838,-10.848963514187474,1.2237925804253813,9.238040470153521,3.1477652019359432,1.0914881559071021,
oahu0012_0067,6.368141590838552,-15.654571998695966,-17.349445559731745,-10.621345442299727,7.307997662873083,22.46802357026943,5.864437738436731,-9.365965230571488,0.8751622972558746,8.122502531115051,1.8884600649099268,0.5099108134687125,
oahu0012_0068,6.276418530926743,-16.904196098810083,-19.44807554632362,-9.821846185886605,8.510350938523231,21.279711522405762,6.2515495927648495,-9.488767823332752,1.0275513906610472,9.286781858923026,0.8950684056587115,-1.0416229897254135,
oahu0012_0069,2.1843078977756494,-12.372293955733635,-13.430611003985504,-5.442679624435554,7.675504467045329,21.459372820067234,7.395352761653578,-10.407578486781995,0.7008274027347192,9.809719188749849,-1.3089823690485292,-4.757540753319467,
oahu0012_0070,7.877400496848605,-10.519499381435928,-18.097622156606363,-11.863238693729054,4.966223907147086,21.309165822015288,6.042738546732605,-13.312612778251493,2.4517320809214977,14.227645118918124,2.440811429745329,-2.8763611755336935,
oahu0012_0071,7.944324612633796,-7.61118643146395,-17.28025658727081,-11.608023747743324,4.7997182433664225,19.563771854093673,5.960738227041527,-11.726056778797204,4.087007323741428,14.56862041906443,2.1682873370512667,-2.8133500054348226,
oahu0012_0072,7.944469669367504,-11.445852589165554,-18.86853224487099,-13.061221139142647,2.844803356206808,20.220810863500382,6.531431002505447,-9.75068719975046,5.08473902591995,12.35361331977836,2.8119659168239157,-0.3621185269418506,
oahu0012_0073,6.56489971706406,-6.09678981382506,-15.613993992442685,-11.10839759934172,2.2602107535175207,18.645553230541033,4.754534381653607,-9.717788791483764,5.910974838501032,10.047193268705733,-0.10838357223566611,-1.4733406733010255,
oahu0012_0074,9.235120179713453,-4.28297773053457,-15.448557730509982,-15.18795770010104,-1.8190511560257732,17.70649566769936,7.293233473804944,-6.325425804608748,6.894665604164551,7.071654392728511,-1.3970470324513073,-0.5120268698411173,
oahu0012_0075,8.500088045322066,-0.3666234182716924,-12.085451130191949,-12.939793809127337,-3.557868039248802,12.539741551979775,6.079865004798049,-4.097604685444626,7.913094990233472,6.751949884654774,2.179029746250838,3.186355109686343,
oahu0012_0076,9.953938264597863,1.2656886888949979,-13.925510213998853,-15.395705180499203,-4.916856291664061,10.718208896135579,6.472280390524553,-1.6925100568384932,6.402543791238288,3.6183708267263683,0.7654325100364985,5.335418678748111,
oahu0012_0077,10.95199866662201,5.15668472705398,-12.802174638076622,-15.720141188346382,-7.352712348187132,8.975629416455076,4.777597916846837,-1.6920748918872024,5.837389160799315,2.479799672344271,4.1206100430869865,10.435938888759384,
oahu0012_0078,9.79008633501877,10.938421182942177,-8.872021657232995,-15.00906087335229,-7.696386024616919,6.268273428918489,3.775849599415617,-0.00908326824880799,5.296520897671331,2.3186611061447038,5.7978953465175875,11.382147737576405,
oahu0012_0079,9.27106951236616,8.459462532792164,-9.567916475700311,-12.679211025471364,-3.1189945629242155,2.579637190764404,0.37317609938746477,1.6821780444744423,5.871730800143222,1.8917432187823648,6.995131210138495,11.622343016817474,
oahu0012_0080,10.490779566333405,5.198087416516799,-14.12659755927801,-12.215045247185861,-3.2883407778731177,0.4679171668480576,0.1948573158823626,2.948278255583748,5.833119738893572,0.8585654878248103,8.098944003382698,13.634935908979253,
oahu0012_0081,3.81906929205938,-1.963655078810462,-10.613588634845977,-8.519272579435693,-2.7878116650449347,-1.3460860189975326,1.9815746034061668,3.671196133520602,2.6753604569820455,-0.9356259311886139,9.85664087516907,16.116966449995804,
oahu0012_0082,6.680184352064702,-1.6152380604330456,-13.923751079866918,-12.133174488218552,-6.17484896470669,-1.1741999348578538,3.993692732597014,3.7609859850155978,-1.4523618122833408,-3.521235198662476,11.48943645485591,18.62597868762533,
oahu0012_0083,5.492699225508178,-4.655272489313939,-10.675230745566965,-6.481471853781368,-4.331079796436309,-6.075074210527166,2.922370641357693,3.4499711295769977,-1.7393581376640033,-4.019494607039546,9.966567651942457,16.457560818231425,
oahu0012_0084,7.156332019192023,-8.380613043224189,-18.01316854685416,-4.835621162681199,5.516856553408382,-2.6324805884926454,2.1101654475194036,2.6373742116194197,-7.338875589659934,-8.475210268820275,10.582400925580862,17.109230062204844,
oahu0012_0085,5.201993237728885,-2.4097976526517844,-5.525561072739795,-6.413959846544588,-1.0085954959224717,-0.2947874984271095,-5.250561121488901,-4.1362890368861,-8.256869604401603,-7.707655243407894,9.543704279445526,15.951556694773915,
oahu0012_0086,6.063214988252469,-1.626429212141688,-6.3757959986080825,-4.20686964649221,-2.1782245852661117,-3.0972063362244207,-1.4673038513857448,1.3085496180339193,-6.281946129794393,-9.206411451476605,6.665420298689623,12.995611353554288,
oahu0012_0087,0.009690782720407893,-4.352462887252788,3.787447004813162,3.8657767933781497,-6.194445331020118,-5.954053647993364,1.783441723982306,1.4936161463324746,-8.974376932670388,-11.039025667793993,3.18779296207924,10.31192721047209,
oahu0012_0088,-1.5147024101266058,-6.197258220671069,-0.6626758276233695,5.739328703836034,2.1070935918770197,-4.052214442387384,-3.109109001215014,-0.8027607622878535,-7.434642785050579,-7.841512454698115,6.267447821243646,12.185973771591543,
oahu0012_0089,0.3349044565970424,-1.5804271855011245,1.044226208895007,-0.9902283906203088,-6.124382541349199,-2.391159667578658,-0.31609678311100203,-0.10326576095764667,-6.439703845847981,-10.471785479366927,3.6755801585504733,9.763243339805328,
oahu0012_0090,1.1535441794588255,-1.0601456080613123,0.8577168810817689,-2.075512681614876,-7.011600117874338,-3.83909890434395,-1.9317170934880046,0.1774348554347107,-2.603635588149219,-6.318613429985927,1.8100062931450482,7.1502796027077835,
oahu0012_0091,2.170086050766751,0.5517355461084053,0.7478523926021353,-0.723936251843396,-8.16088283405764,-5.17857252150458,-2.8004661556396466,-0.8495149304018708,-3.635007004594949,-5.171477731103538,5.748806501013903,10.70204785651251,
oahu0012_0092,9.294776054056564,4.893815745910022,0.6523856422758127,-3.0357006835685367,-9.149181138301488,-4.521334192180182,-3.255202836573111,-0.6329670907523776,-2.4295655064364903,-3.3666370771874217,5.52898283216622,10.618722497392215,
oahu0012_0093,13.35333750433654,9.955186551641813,2.3163804434604938,-4.33127465004179,-10.85103263142231,-4.048585922032888,-1.915207742809576,-1.847179967471742,-2.0966320881254,0.00806904575062115,6.477812839383306,10.149650201599787,
oahu0012_0094,8.386670606985867,10.870285723440889,2.062494366678885,-4.737601903694358,-11.759833141662352,-5.593996689871022,-2.8736318815609847,-2.820734723230829,-1.7144856744765224,3.70952438411766,9.659088855992538,11.624953852196777,
oahu0012_0095,5.573117231286929,11.935404733271938,0.5264413552747826,-9.057407483175234,-12.56106733530244,-5.473727614726576,-4.143680946945569,-3.300536812112295,-0.27375881922488915,4.784178787304439,8.554550736707691,9.873425357524093,
oahu0012_0096,7.985532489863092,14.658739942942598,1.3585731219184138,-11.180344355790522,-15.933707314781998,-7.697590150838209,-6.987302287829392,-5.1374109696076,0.7446991604668126,7.280018834475629,7.782977511171231,7.513484214526095,
oahu0012_0097,13.096455580441255,13.518919046280057,-1.6556901665758592,-9.944868166588176,-15.704937279677562,-9.908210167232223,-9.314657120607755,-5.715839470760346,1.9680831547187052,9.515725675139528,8.685143758449643,6.084887523452936,
oahu0012_0098,9.64127718089072,11.944776286665997,-5.017383889249362,-10.886817455950828,-15.998872076463664,-8.490407605137216,-9.146613985340544,-6.5304053423999635,2.52691012482338,12.533447756160752,9.78196246120349,4.413587748445109,
oahu0012_0099,10.78512862493257,12.184921726409021,-5.3472338636536545,-11.016159953921536,-14.728694917661635,-6.019020922059849,-7.259463844954956,-5.9344642964762535,2.9006226021019073,12.800879955501902,8.978881504479606,2.7086482085910606,
oahu0012_0100,8.424336455407323,9.004901284676766,-4.3664476877049685,-9.244651456128784,-12.932433939831482,-5.2403637961089675,-6.797140191371381,-4.910425242236701,2.90283055127913,10.455933584089484,6.803710632692554,1.759446641534875,
oahu0012_0101,8.780797038226284,5.512188433079764,-6.272037379859262,-9.119056349083191,-9.548686030029176,-4.578274784731658,-5.84177320258437,-3.7480079486274134,2.7839656631784666,7.798442376351423,4.779890837343784,1.1425371210077346,
oahu0012_0102,5.229090111160303,2.447617356623208,-4.875505401821073,-4.269283784309235,-7.592707656798692,-4.467400277257216,-5.609036546679797,-3.6961562532524637,1.8033970879740795,6.570505847318593,4.033650873405631,1.3434762971615388,
oahu0012_0103,5.089571822048051,4.298305079180847,-4.964101545177828,-6.4883769173753265,-9.976020779069458,-5.394149551536284,-6.916429068213274,-4.405195568430188,1.8795888940355947,7.731285802704532,5.104504090152553,1.6450449887117466,
oahu0012_0104,4.428416933435084,4.848336321853504,-3.9201346375991495,-7.071662062496383,-11.374657269113007,-7.454393012093407,-9.246817390953037,-6.396365648429414,2.1554502928557024,9.683132675573747,7.810493988884352,2.824153733215733,
oahu0012_0105,3.9396090746996655,2.3324993106734473,-6.554309027202015,-7.568507178026898,-10.906049206101725,-6.97374629266184,-9.359192872679452,-7.653720966136432,1.6603491632992167,11.009456269992926,8.293350233754927,1.400705289737923,
oahu0012_0106,6.714563413193554,2.760844285865578,-6.272642694343012,-9.602280783185158,-13.172172427390207,-7.690498027764329,-9.866489524161803,-8.615786901479682,1.6536457901941088,10.159228025088852,7.2626633170881805,1.2163083773288863,
oahu0012_0107,6.0468821798143555,0.3417496611187105,-7.679240599492843,-9.14073613272659,-12.50334241046441,-6.985760644852075,-8.8843871485065,-7.4206328670997905,0.7426951036057292,9.364073869633053,7.246003480032806,1.3865196360649863,
oahu0012_0108,1.7638071674993347,-0.6657692382124544,-6.614737181707888,-8.569815641037449,-12.63340018730677,-7.852795238263186,-9.148790468146847,-7.0326776050996,1.8256913005672235,9.468102431828415,7.010299657159356,1.5636637851542141,
oahu0012_0109,-0.5927697272956912,-4.500229123657292,-8.829770310014036,-6.8080120847150765,-7.366009404951322,-5.732629793528806,-9.498603167860269,-5.7648596983402935,2.7496454102247947,7.9339466516140735,6.6623173013456976,2.9011968605758627,
oahu0012_0110,0.6328357643509525,-6.9323536059476,-8.252007592559789,-3.5283617271429226,-5.045488220887075,-5.183232138291118,-7.240240180505268,-3.429564061650576,2.2713393719067283,5.445424592636664,6.270149919857405,4.897830412415515,
oahu0012_0111,0.13968435265625764,-6.728566212381411,-7.762861172160796,-2.879527089301661,-3.718220614046188,-3.6778989477357027,-4.912815787575286,-0.12716408725162806,4.398736354911176,5.377648922769353,6.288536969680106,6.571002389717756,
oahu0012_0112,0.8357952449789475,-5.43675692684549,-6.492371189795006,-3.8083593730916636,-3.427451350375985,-2.8574865420999607,-4.416791243188156,0.7796383387784158,4.4480787893893305,4.794816839610484,7.015601229906275,8.752811111736223,
oahu0012_0113,0.19586363850599278,-4.91961244139027,-5.129265993348525,-0.7955644678200131,-3.3377830020236963,-3.7583980149487473,-4.18602834151802,1.7783951145895198,4.395977513796911,4.161717468136517,7.338222993941652,10.658021513894136,
oahu0012_0114,3.2866610959130367,-2.9024904524593826,-3.224204353100121,1.093438764819095,-2.9362573559258767,-4.854568011761125,-5.79305152391899,0.6700379008984811,4.581113510973555,3.2986851970199154,7.4844815668599445,12.55988647771167,
oahu0012_0115,1.848982336004801,-6.269958058535116,-4.477393245238277,3.785626192003718,-0.3040443617141578,-4.605478172606133,-5.492682712596785,0.7275107213550661,4.355756376415742,2.313796619726863,5.989910432713173,12.357845286613959,
oahu0012_0116,7.486002267078186,-4.259707986834599,-5.3735863162962785,2.8515603170694206,-0.15819219163088621,-4.200459465308353,-5.464453076217745,0.8156206841384266,3.8066642791072827,1.2195706109101214,5.1327866454911355,12.04621239525125,
oahu0012_0117,5.014013773879454,-5.31441688316663,-3.074934166906426,5.84332365119728,0.5369977035036425,-4.604279840027956,-5.56266746038979,0.7571848171994101,3.439081855434412,1.2374786296524363,4.734333737474207,10.967600343390654,
oahu0012_0118,0.43835009587267876,-7.598276962802698,-2.972064638073007,5.594058070032501,2.5085862735950744,-4.5697002480718325,-5.556897323418944,0.03205324912283349,1.8617830274590315,0.6012223966344689,5.193397479927374,11.301911309610416,
oahu0012_0119,1.559843700825936,-6.143739394909438,-3.0873034545258617,3.8154967517207665,1.0121895335159798,-4.850369595264725,-5.894106543827639,-0.4445998677184121,1.3272776724543167,0.6464607948690707,5.932894729087683,11.489281859191529,
oahu0012_0120,3.032810950273219,-4.676044890338879,-1.525048066883609,5.317782369967086,1.7279056248026867,-4.619764170819579,-5.746689312644965,-1.1056366220931888,2.8780733673553756,1.3499487078430878,4.787208960460111,9.421549494222319,
oahu0012_0121,3.6598154527843363,-5.630694765719534,-2.824555558890143,5.601956635025748,1.1680380189724948,-5.012698587601592,-4.592630685929804,-0.718728235469611,4.303036028653725,3.1220854542098655,6.310309124439877,10.20614810682338,
oahu0012_0122,3.4427707302557824,-7.284247469103122,-4.691408550205569,6.121370260999657,1.8337895061827327,-4.6857248069893895,-4.494044210947807,-0.5720323111690668,4.123865778381415,3.8871118619154243,7.0639230865622356,11.212964032343285,
oahu0012_0123,5.629939264061681,-4.616843526179213,-5.53940073457916,2.9726592553370073,0.14088132602145573,-5.076424183243281,-4.438598348317349,0.22169256107860907,5.0070291532214455,2.560404895100679,5.559867478423354,9.698964969345985,
oahu0012_0124,3.848665098540654,-5.235488379949302,-9.143724576659425,-2.353259864822914,0.2487475698388582,-3.387128315314045,-4.073145412065386,0.7701727370533421,4.714558894982085,2.866787370444509,5.271011105381453,8.316873764061382,
oahu0012_0125,1.301871367877374,-5.4589595436474845,-6.785719956910019,-3.293205884254493,1.615158457103069,-0.4374128730471013,-2.146863001280457,0.5621263379337821,2.764487443522435,2.270459751715218,5.882814793569452,8.324710081039303,
oahu0012_0126,2.350139694026009,-8.17289956597698,-10.000982079309763,-3.3403205090677917,1.6610250238834954,-0.5712199355916867,-1.621994172171116,1.197874302111093,2.1640725173035933,0.12333966389052609,2.9637020210970224,5.88691514871051,
oahu0012_0127,1.6835978072957294,-4.621280635063128,-7.628715433810796,-3.3541458434490403,0.5818381387199096,-0.8219020957125576,-0.8857821548576758,0.22661147048048594,0.7922973074010531,0.25479875007478886,4.70464129811455,7.654709421544626,
oahu0012_0128,-0.02823473498390374,-3.815770070376959,-6.127021915161983,-2.0984020920835738,0.7207419345547968,-1.6061760871821107,-0.7824215515567835,1.3271714123345382,1.284370636761666,0.4618182411134777,6.115772803711778,9.524203707138597,
oahu0012_0129,-1.5801572876151302,-4.90943371088183,-5.315718497201691,0.07072484316504087,1.8222483269571401,-1.7363299927087976,-1.7073670018935492,0.014454983117194268,0.8367396009726388,1.9315056965604023,6.586456363114853,9.648419133286264,
oahu0012_0130,-2.1622588684444297,-4.314457272478154,-5.5074126323228905,-0.24094593098197373,1.7753205133386065,-1.3966902405887431,-2.674559957945275,-1.2044686789025958,1.574504477804056,2.92959533250514,6.629600839818443,9.194459470311054,
oahu0012_0131,-1.8909283928483949,-6.4999277086247975,-6.3174901059810775,-1.1625397856246087,1.7438781755058346,-1.6416166516839816,-3.441977837114661,-1.4179494452512753,3.1686810190317565,5.5891827365452205,7.00112432313511,8.669797420812047,
oahu0012_0132,-0.7468110580625009,-4.786076960702642,-5.312954136749192,-1.667324378697396,0.5988833908904826,-0.5567697499028808,-3.1410769089085577,-2.113103742001934,2.862596894677464,5.367857770832519,7.148444466252071,8.439134595926296,
oahu0012_0133,-4.1482890270603034,-2.6913905421105824,-1.2916135817543737,-2.0961092022589716,-0.5184776586541203,0.2967156077486378,-2.219717166423203,-1.9256122758566534,1.2710335560510344,4.767286643779947,7.6371263578321855,8.441511334433123,
oahu0012_0134,-5.411342582203659,-7.155098049302502,-3.942202906029337,-1.2025592135121232,0.19486429913988307,1.3569533822755326,-0.940655764474888,-2.020026448475325,0.6279343578454847,5.60267174576192,8.973422540249288,8.799037931567174,
oahu0012_0135,-6.630286658617382,-5.0203032729346955,-1.6730394515670222,-3.397078121487744,-0.6672881032467108,0.9578303320105848,-1.622171277343897,-2.734593030895299,-0.3052941853320234,5.0604485685006075,9.861208381802253,10.0037690620089,
oahu0012_0136,-6.708938455652908,-7.838752976422395,-1.0812634999301471,0.36569025986858117,1.663737482769538,2.2867319558759527,-0.7462207049794448,-3.8134495216252406,-1.5123132781248105,3.9074430852019253,9.525720503091817,9.273214899161854,
oahu0012_0137,-8.503686412887614,-16.795167905477225,-8.732212659896495,8.511610333893172,10.83134794088773,1.7045086840281072,-6.112131625926275,-6.229156041973382,-3.652402354649366,3.2314559194763732,7.1728449585047445,6.31548216959171,
oahu0012_0138,1.7619782728461963,-7.795414483543027,-10.28802239549849,-2.7803917678854346,1.9366789678828558,0.04647081246815952,-2.643067153241779,-4.444700967793947,-4.975640468819119,1.1053412180268711,3.824390558240538,2.550664209705196,
oahu0012_0139,0.20954480007021667,-3.879931821434351,-3.7505954445210485,-0.31645555694004335,-0.9157873898488269,-2.311686480902161,-5.549972152241203,-4.556788162745606,-3.7755440579335184,1.2452239958578013,2.499946237160502,1.2212226427280102,
oahu0012_0140,0.09837245154242386,-5.281655116431994,-5.0638013968569275,-1.405372381653423,1.4698706093775447,-1.080113364811553,-4.300238752081826,-2.4581248671938214,-1.784661837720441,0.605447730548663,0.6148103390101981,-0.7224945209844975,
oahu0012_0141,-1.2699787221304455,-6.322894156393956,-7.2685111100045106,-1.41617087392132,1.791536706566876,-0.4988410141750712,-4.038157166426297,-2.0436757456579504,-1.5126897617958743,1.4485588471346391,1.1591747107254176,0.7217731080501663,
oahu0012_0142,-1.4781883645222404,-9.397278550455038,-9.454767701122167,-1.030529828481158,3.3363418443069564,-0.0030885525093447387,-1.968746110987276,-1.5330738042951293,-2.0016491262915195,-0.1767338923622142,2.6859824424958996,2.9389097075946693,
oahu0012_0143,1.1562756757410975,-7.964080401561426,-5.546514931524876,1.424074272435124,3.5351339272141336,0.5706031445901609,-1.596224234031678,-2.125128148267439,-2.7611314612867566,-0.5167908578164254,3.1970551993929797,3.8157470965438223,
oahu0012_0144,2.116159359688694,-4.685794917154803,-7.738750400735975,-1.0350429585046421,3.1715275431042236,0.7561383328831877,-1.993621629272505,-1.2279154713545242,-1.7395191559857943,-1.1088199096661777,2.3933158875235163,3.635790349162774,
oahu0012_0145,-1.1315587129844384,-4.631642412420993,-3.9398183926686037,0.18974201294596607,2.7411096817697214,-0.3894243543551745,-3.453104647435552,-0.9100487025135442,-0.493063182987669,1.194074977552035,2.7643956429603103,3.8704278275391295,
oahu0012_0146,1.6467768430595702,-0.8564675683965748,-3.766948946780806,-2.2383748461547626,0.8564667845269225,-0.7384700529878818,-3.328152617604613,-0.03344360666115583,1.2256508217515447,1.602309680267061,2.8296044866274936,3.8484165622256454,
oahu0012_0147,4.146834488376238,-5.306495377480457,-8.838139442899406,-1.6584743389661751,0.43963349468958046,-0.7945156143688703,-2.8477442839667337,0.7270234441242319,1.1748936976813005,0.22876272625728106,1.584156201173502,2.6588850985779175,
oahu0012_0148,-8.519807019589514,-4.943753535315522,-2.362438443692228,1.0468657442264448,0.07461102228905567,-1.021942415423102,-3.7723005199500896,-1.2806372625007216,0.8962435143561194,0.5225083969362101,-0.13363271584283606,-0.4632239312789259,
oahu0012_0149,-13.202034735116602,-8.862596331295451,-6.728560114058576,0.5733621558280608,0.18867551001034266,0.03808506174066668,-3.9265860343935657,-2.170397289984439,-0.39260462475749985,-1.3494008749501503,-1.3310183767038823,-2.01436946747784,
oahu0012_0150,-5.303105207679094,-1.7192954896236903,-6.158748512984211,-1.0223364393892864,2.1908035598842504,0.23166576744799133,-4.567980731051784,-1.714892982973703,-0.4250600429981735,-2.6106859378533755,-2.248703540761918,-2.813349808852585,
oahu0012_0151,2.191509757960631,-14.16338859662151,-14.868755504741934,2.258545666294641,5.715361795634396,-2.2118862529257313,-6.541985427727936,-3.3163157648458186,-0.9184860421380715,-1.7125861273053575,-1.580164673601491,-3.260359204489023,
oahu0012_0152,0.31118615062838273,-8.575449468377249,-13.004979531329317,-0.27406525467931997,3.198200478781019,-0.9926405852855926,-6.1206077470146925,-1.2520098597889249,-0.15779500706022392,-3.2981885140370704,-3.0901587186715145,-4.317345207322588,
oahu0012_0153,0.29508852519654033,-6.134018346414295,-11.242203909559308,-0.6669674598854662,2.9305110051249077,-0.4373129543974821,-4.490496010150144,-0.8288975941788017,-0.43476918570074713,-3.4959662197762764,-2.7499419232528424,-3.6099535117460877,
oahu0012_0154,0.7730215553466308,-5.767307099038996,-8.100769636895036,0.8508095579561038,1.9101671929711952,-0.37512059190349634,-5.11063138894054,-1.937651394172312,1.1014124424642613,0.3595317353496786,-0.7189999078035354,-1.4924577313918297,
oahu0012_0155,0.10891034873331991,-1.539311350784241,-6.79949186449276,-1.6095666018292227,2.8216495169783005,-0.30453147730627034,-5.548972027606828,-2.6890257683227907,0.6874969283220066,0.4577114744838656,-0.005170544164199302,-0.07804983537343366,
oahu0012_0156,-4.513169912071541,-5.926003360484618,-7.250773293219644,1.5109401285541637,5.66616814927416,1.4187782870333423,-4.9662626087816015,-2.0709135211363288,-0.3608052346748065,0.4683230469733476,1.3153076157989345,2.068795808398141,
oahu0012_0157,-5.36861551745784,-5.454874866225345,-5.361339316962618,1.9325872471293584,5.704393222848536,1.6995161517048678,-4.769816525684235,-1.7396634996079736,-0.5805320612810615,-0.30079329323885373,1.5145681400097304,2.0714543949232063,
oahu0012_0158,-5.71373571511654,-4.315493116318134,-3.586123656413372,3.1673551203179233,6.9133558436483264,1.5645884460784154,-4.725414689098408,-1.543223198782986,-0.4138658888475238,-0.29828148802773913,1.1690133343483422,1.5082724065384718,
oahu0012_0159,-4.603266257812437,-3.9758464432117635,-2.9467967495417233,3.208059756386705,6.7425183507931505,2.054077595497923,-3.428025590908771,-1.371087257622682,-0.6307798797051771,-0.796970216234337,0.6745175583567745,1.0445744880789325,
oahu0012_0160,-5.893880730006303,-6.446784765863284,-4.332253637267735,3.905463901136846,7.743222924813866,2.4471228557719105,-2.757161427321745,-0.7633071284852656,0.15577889408078435,-0.5779308614682996,0.35148290677404903,1.0134559186952354,
oahu0012_0161,-4.453274394838613,-4.278080147877526,-2.886526837979236,4.237757805741045,6.157295588288021,1.8123700821959552,-2.3497957912009797,-0.2379769852853463,0.5712766053620221,-0.556547138864696,-0.27736726416133406,0.8194171124542049,
oahu0012_0162,-2.509030212048967,-2.701319777546477,-2.438945772849399,3.822253132166701,4.577663822746573,1.9241215179767512,-2.2048875394435075,-1.0112310541149074,0.626162825199954,0.5002977009510818,0.3551884694081821,1.3265745416413046,
oahu0012_0163,-1.349883283996956,-1.4462540143519211,-3.4636040261634093,3.086865142757059,3.2576767435056473,2.291734642201519,-1.8787630774902968,-1.2658910673907222,0.5517089352357857,1.3080568209667136,0.9136198294974179,1.9198596904025276,
oahu0012_0164,-3.6890884606456598,-2.1513962208310566,-1.4139794430637846,6.758201310187651,3.056117362474505,1.0348624697334925,-2.539208762641893,-1.0452711444093932,0.9310688701730502,0.9289343505919093,0.9654435045706523,1.9457701339064126,
oahu0012_0165,0.8931370080601657,-2.825946194254041,-5.472252646576912,5.183313088715228,0.9569673994346426,-1.6874388540976955,-3.323862836280619,0.4362578378839323,2.2083432572853208,0.6814512865855828,0.4538118268979031,1.3665749117898647,
oahu0012_0166,-2.2371606608674086,-3.408919355589444,-5.0825853823149805,4.968586015507508,2.3681495234004157,-1.4606801439861272,-1.8027931840800373,0.3245969893424929,0.9719828329879192,1.4114781421166187,2.8522266439854125,2.7804837785804275,
oahu0012_0167,0.3347329142846845,-1.8338533831130903,-4.285132188668926,5.317949672000862,1.7059094327736537,-1.722722062272193,-1.6589108864536488,0.393970431106681,0.6714294231329435,1.8408080670401838,3.6332287738053624,3.3841750473124073,
oahu0012_0168,0.22747770541415122,-1.1270569465054976,-3.4186703213853273,3.887596212144543,0.5178098693295379,-2.4927472042331758,-2.346792972539226,-0.14568974744338536,0.036363453874070084,2.806531859004149,5.762788295792587,5.810942630366347,
oahu0012_0169,-0.7388768131976801,0.6318736212962587,-1.9179013053784113,3.651937616903151,0.05630892288149376,-3.0057209879997338,-3.001543880453675,-0.18184383496287507,0.776941634098225,3.2115297903992963,4.3768580099058605,4.283425329278044,
oahu0012_0170,-1.6816233964302651,-0.12291955325051591,-2.7644176576955006,1.60033108228419,-3.7262749965946402,-4.5134721944768765,-2.6457862420062375,0.26066951057065213,0.18587501304850643,2.7312199734150617,3.912868932230129,4.448712964346254,
oahu0012_0171,-2.6874286073452045,-0.6493083101258754,-2.239002127096063,2.1155165548400587,-2.2378534208415175,-3.1207878035884664,-1.5248828760400037,1.15672505496912,-0.06943989288883101,1.2504250869649502,3.5714261974987704,4.914820382291606,
oahu0012_0172,-4.949025552088474,-1.56093088485866,-0.4020922294697505,2.2957417875228856,-2.7990575140207206,-2.405868727788254,-0.790298520001401,0.8288878351265851,-0.39769182035688255,1.1511218613132688,4.54393899197263,6.435693855224239,
oahu0012_0173,-6.898319688882239,-2.054318369508894,0.455454396523013,2.4974579886906363,-2.548556401203112,-2.0767214479804257,-1.4282385418159684,0.851194498514096,-0.19119469590941382,0.972983335833621,5.401349240520584,8.547291270554977,
oahu0012_0174,-9.920095188991496,-1.8239113447557647,2.9922610224803594,3.4856864216972103,-2.1151235740052283,-2.147880887340813,-1.725263523837815,0.7747391301473301,0.8151669078525674,2.8627759464635023,8.40446100323481,11.549632740357174,
oahu0012_0175,-6.658801822659422,-2.4444942261600886,-1.2771563276631233,1.0332284370989364,-1.0065521334708543,-1.2406393038783008,-0.9657258307138115,0.6287111228041035,0.7218357542450644,3.5858824677688803,9.574243387699275,11.93493281719018,
oahu0012_0176,-4.386773778480569,-0.043172736680633074,0.4563919089503515,1.8325709308752955,-1.503385208736031,-0.9980391451667324,-0.334033556814901,1.0272274649563182,1.6203714501543047,3.987817767469331,8.185715625245484,10.047010326309683,
oahu0012_0177,-6.21355952540705,-1.058091575092693,1.7961750092161461,5.589725067071009,0.4469216142434346,-0.5904360668846148,-1.0383440300093947,1.0503575865727328,1.8880135773052225,2.5088994969969227,7.206442777358666,9.701615188471468,
oahu0012_0178,-6.458155409862001,-3.958362576197193,0.035301688968117924,5.127906726591763,0.9599463381661961,-1.141386028357861,-1.2606059856269087,0.9412381872301961,1.7894715335180704,1.4699535436792186,5.493882023341191,7.053789456138242,
oahu0012_0179,-6.424070490328552,-5.13481696265714,-2.4003802303791564,4.514594366496445,1.4742657076427912,-0.2517637233866525,-1.0513780646009674,0.6066692967839347,1.3199254155531532,1.420597145289762,2.968391755162703,3.8147402137749165,
oahu0012_0180,-6.484036530128895,-4.30349709787931,-0.9926893580189734,5.995731074991585,2.1529770780401734,-0.2619451059415522,-1.8444084017270177,-0.6316326021078696,1.087676835328784,0.5774169769929616,2.0643291718326484,3.2924330621613986,
oahu0012_0181,-7.677945120735707,-7.389826879566286,-1.0268060318482164,5.988201836005011,2.708592989099234,0.5325066131795736,-0.6902640254592314,-1.2646918299902166,-0.3643475928142375,0.6288181951744722,2.7911731488972746,3.777911506577032,
oahu0012_0182,-5.364470414484175,-4.219494797720284,-2.677335591872106,2.011328507794223,1.9449862796756388,-1.2127178686088176,-1.7009461890741588,-1.0239660050508594,-0.6950480650127624,0.9262840620826128,4.017408536195582,4.305679561505728,
oahu0012_0183,2.680566343968492,-6.096321312257041,-9.298649727819337,-1.7821181106959783,3.3046869191838684,-1.2536001352448347,-2.1470287396671113,-0.8861979233669024,-0.02595597949427342,1.4587386117736654,4.898486891657509,5.266202628687001,
oahu0012_0184,1.4277690173631132,-6.541240994110605,-7.677613214065228,-2.507894254916833,0.5650923771297994,-3.4276290121975563,-3.618783464962155,-1.8114808144504906,1.1986609401073118,2.508600801367654,5.403796176828226,5.928825300213571,
oahu0012_0185,-3.9300256213010734,-8.030605247867953,-4.2466777152661335,0.8909734472187826,1.4734711056525602,-2.3262601907637195,-4.148183993443908,-2.273862028963457,0.4956067594564086,2.2552022754809893,4.675129517966681,5.241274109826335,
oahu0012_0186,-6.8324641169310585,-7.578312556872297,-3.0999794612828877,-0.24260982732858116,0.8552679955839636,-1.9333609970702605,-5.2412579191935125,-2.0499578478130527,1.672186881532986,2.2028989290858463,2.8846770979720837,3.2225649973966894,
oahu0012_0187,-5.01621829781513,-4.546005654565742,-4.292544728591597,-2.2761567345809754,-0.8458969311960848,-3.232881118495876,-4.719377339922881,-1.5802327370326126,-0.5588177524807368,0.08918782758131497,1.3746685133786003,2.004395398080717,
oahu0012_0188,-7.93870083686437,-6.0156455799228175,-4.225818877574885,-2.190956934300399,0.46224868628555577,-3.3165465189234613,-5.8706864941015215,-2.378286760468071,0.23373062869579642,1.4785570230574603,1.363122175361933,1.184949391435916,
oahu0012_0189,-6.441018707435706,-6.750013130224543,-6.307960066894545,-1.429980582373754,0.9835155388261043,-2.2148935686124527,-4.310361020594977,-2.2661474604003415,-0.13641464070797435,1.469135479700655,0.862086351752325,0.5392493390991623,
oahu0012_0190,-3.6766059853350557,-6.482466970002966,-6.807275666796867,-0.29127146647436003,2.6513538761767284,-1.625178416861344,-4.302772128388066,-1.8536259593468363,-0.30882110220844844,1.571438042675216,1.7447575625507938,2.5813448058105153,
oahu0012_0191,-4.051689460116113,-6.0306858454227905,-6.1984545406071705,-0.25215579122344767,2.222580688524058,-1.8528953706466456,-2.3822940116725237,0.4016007661780921,-0.48425918329014556,-0.9471372992549162,1.2869940908724429,3.507731716264002,
oahu0012_0192,0.6402385373789087,-6.2122417981467395,-5.681019878369883,0.5850990427224853,2.4859011588885314,-1.4685813704477175,-1.539756629773908,1.1365255518345656,-0.8009281077493831,-4.013346731041987,-0.46226098191703585,2.4065130555424257,
oahu0012_0193,-0.21640290556455666,-4.949769862961607,-4.291806306456176,1.1939566390437582,2.7801096628523068,-0.42192352889300616,-2.1684013397168305,-0.13305232754014099,-0.7318834483053351,-1.5582258753788472,1.0074081491912683,3.1278062203293833,
oahu0012_0194,0.6347004873470358,-3.609469001580589,-1.6978905820062367,2.0220819378366643,2.0181352842149853,-1.0439991809978746,-4.224188829371067,-1.3745571642686187,-1.5558885784520688,-3.0613774332321193,-0.8396421458223305,1.396009556970789,
oahu0012_0195,-1.9525040556985984,-4.438512771029638,-1.8788757762421198,3.1455044197289284,2.5107479981015235,-2.0414491203955256,-4.2821678866813695,-0.31544173395322944,-0.07310370622331977,-5.244325430195064,-4.360643600231682,-2.218519339597951,
oahu0012_0196,-4.352607096320804,-6.437366620427703,-1.8008788149512862,3.049043154397917,2.129044437088291,-0.6715354112335723,-2.2409289814003586,0.1833615778837631,-0.6031274136341787,-6.19553765840748,-3.5451619881314897,0.05737318704694299,
oahu0012_0197,-5.525597443472909,-6.209740394998884,-0.07965128195105191,4.744097035744507,2.398932363095902,-2.2798468144977027,-3.4334525103493343,0.9764203602310062,1.2895908948563413,-5.441821488968291,-1.4526163548543667,2.748624374922409,
oahu0012_0198,-6.4742474669758545,-8.47345315263172,0.03271980627385318,6.707418234101761,1.4759765932928357,-2.203425067464269,-1.9521559922690583,0.32327607693469923,-0.23348686674124702,-1.2333155997741307,1.0548515300367347,2.854103200744226,
oahu0012_0199,-4.007248672395208,-8.639721642602261,-0.7361732439378252,5.549506381617258,1.8451259876372794,-1.8960351835694509,-3.6025746451011655,0.15349525500090083,0.5617028057338523,-1.2117919154717522,1.248202034424111,3.482171335959193,
oahu0012_0200,-3.399524466571616,-6.7117826049789855,-1.4617508671773867,2.6601875312231593,-0.5966950464007197,-2.5242087712156267,-2.3420345643530105,0.5790478610877435,0.067100863618851,-2.126146392585412,-0.08126164114844586,1.9454803331517783,
oahu0012_0201,-2.4615193747771804,-6.500010681542128,-3.4314744179422183,-0.6638547867921518,-0.4597077434461498,-1.8244686398399308,-2.6918763552688785,0.09784643229863982,0.726132537354995,-1.5843934272420288,-0.29782426467481576,1.0479984114576055,
oahu0012_0202,-4.12298706688017,-7.086523202534284,-3.2392611348414206,-2.0277751544844245,-1.6607308514758183,-2.289381913821992,-2.13806073440884,1.052976548775278,1.3652068262907118,-1.0122967052460439,0.7993583648424951,2.6566300935763754,
oahu0012_0203,-4.677415354982478,-7.352156589963115,-3.16933196108278,-1.7934931351472085,-1.6847518854995382,-2.9567692556184393,-2.8769072909479236,1.2920356524799788,1.6002279415114853,-0.799744926548328,2.242258348333552,4.753606673940917,
oahu0012_0204,-3.409938566962522,-6.490830394599648,-4.14475994829872,-3.1332250093391494,-2.574769924675143,-2.7436563043710622,-2.9420719508226836,1.511796374458133,1.352731234279345,-0.7214824102920983,2.7863591012568283,5.277766387679253,
oahu0012_0205,-4.348421983539822,-5.9169927753895895,-1.966666490655804,-0.42185061139242164,-0.6492600551300235,-3.040592052842806,-3.335969285231633,1.4771361906873033,2.0733576158042006,-1.596760408487973,1.6975987368479402,4.3105884003006185,
oahu0012_0206,-2.744861313022083,-4.206585119940493,-2.287648135072355,-0.9971275960365145,-1.0169587931433612,-2.34493575295448,-3.7958667686280307,0.3086254302842416,2.3614005620384506,-1.0666207114449666,1.5397423986369267,4.274742880442363,
oahu0012_0207,-2.4607164069242313,-3.6556366801622264,-2.3068462646414223,-0.1339406097758775,0.5447149853924367,-1.4283225681436977,-2.885286383805666,1.157776351291251,3.3738296404631996,-1.1137019390669398,2.0508541217427907,4.862085428859669,
oahu0012_0208,0.560200922754677,-0.68597912392664,-2.4575496152994285,-2.295134813145531,0.1764876997076937,-0.9777993541030278,-2.256559407984512,1.1020220252601094,3.197564089844095,-1.403028805485391,2.361510079916654,5.679345056451157,
oahu0012_0209,2.7328285652171695,0.05488603583554136,-2.499802508682277,-1.3963765594387332,0.13743769967427438,-0.8010841617345028,-1.3364844390924007,2.0787144133230564,3.2556444008005885,-1.2937332066742169,2.867298873363028,6.213937177171595,
oahu0012_0210,1.0596604528092308,-0.5573511796999073,-2.2078229820636777,-1.4353471832339029,-0.5444868317108216,-0.9130389980450272,-1.085720099243315,2.762195685654777,3.4205369318916485,-1.0463975055136376,2.1926822590216264,4.8767029912217605,
oahu0012_0211,0.4460230090392473,0.22399926049396296,-1.0373721109327452,-2.05245039397413,-1.2429306844008738,-0.07708749882898326,0.27757766642958887,2.4960944510683616,3.638717069259675,0.829192659565677,2.0983601143426256,3.209348155982805,
oahu0012_0212,-1.941782891055166,-0.3525138242030319,-0.3038863751754946,-1.75704541399547,-1.5733740365851554,-0.23051890046346588,0.9750434334770877,2.4672475802296088,3.2550234888536487,0.5075366428993086,1.8752179821629966,2.830379242309273,
oahu0012_0213,-0.05898435526173619,-1.837399108865805,-1.4553671955536793,-0.8140649683157923,-1.8304387947280603,-0.948190920136704,0.3529971816560099,2.3408107128428033,2.9508106975939348,-1.1725307758516184,1.3198570398764058,3.524553723260919,
oahu0012_0214,-0.7248453964675113,-1.6660147290267484,-0.7036423021149623,0.1161616660270541,-1.7319466807389654,-1.230393710127842,0.07496968945267345,1.8920456177624903,3.121560489547839,-0.11575158539124396,1.7961133538679437,3.677688566092945,
oahu0012_0215,0.3463798353535119,-0.5435214818395563,-1.4175452130313906,-0.3544741750247737,-1.3370387090632916,-0.547305028333556,-0.7742106990039874,1.42098109867173,3.0244067123730205,0.4111270740169402,1.9902591833404624,3.8667967008345463,
oahu0012_0216,0.7058534713180857,1.5335928141395445,-0.8595548046136344,-2.0773270561932557,-2.725742278649144,0.04428024358791312,0.4788102066842136,2.382671602754141,2.061611064591751,-1.913222355045595,1.4315802799747621,3.9287969045916533,
oahu0012_0217,0.9149349930554015,0.8961505752191712,-0.8666504429970877,-2.4845238589084615,-3.4652971492533897,-0.7039812443896877,-1.0344866758749682,0.6480977949767374,1.544244643669312,-3.2130609302184236,0.1722839759318599,3.572855319568449,
oahu0012_0218,1.2076027749514726,0.922830605394819,-0.9605903823045683,-2.864267619263874,-3.430650250646675,-0.9854776610483628,-0.37801861635670264,0.2553925567431366,0.29576535392261394,-1.2733151624225205,2.339117285521265,5.650280556568963,
oahu0012_0219,1.5144291441095796,1.5391392922551268,-1.347400656789536,-4.103139853523381,-2.789834925599098,-0.07445049331078894,-0.5554822270613655,0.366037500804992,1.080599578271596,-0.0653559400360782,3.7342505902974805,6.461666555794192,
oahu0012_0220,-0.09816846655668221,-0.5122994474631346,-0.8561337569473901,-0.9207357651636667,-1.9338660541583756,-0.05454034766875254,-0.600244544608735,0.22683594407482965,0.5195586698767078,-0.41905534411084217,4.249907026653754,7.007371546971242,
oahu0012_0221,-0.13423488787252374,0.16169204665900166,-0.5625010088590396,1.521266774355806,-0.8360311261919708,-1.6702041966772365,-1.0729787528216055,1.7300289072752921,1.391290866370703,-0.21078796801926633,4.576159375758893,6.949197085090515,
oahu0012_0222,0.01551257915384364,-1.6221918661022712,-3.2461530989608676,2.092673645111758,1.1965020828332504,-1.2974213715698215,-1.1040693548810132,1.1356619550329492,1.118493062775739,0.33056954708322106,5.560623208495259,7.642570592604052,
oahu0012_0223,-3.0128704418052417,-5.488557118697962,-6.889782040955838,2.5094925902817513,3.710930864375243,-0.9972142278359196,-1.770077270920253,0.20874967741663145,-0.38501223750923075,-0.13161229494541,4.724812238726591,6.579833957145969,
oahu0012_0224,-6.468505470525489,-10.248781620258693,-10.507783744066609,1.0671002542052712,4.802253136886223,-0.356703035176604,-2.5868282705510954,-0.7446457185190692,-0.4390195747954996,-0.22865446724644714,4.02414326205595,5.969442630385671,
oahu0012_0225,-5.211166964715987,-11.588213028333604,-11.983075313660022,-0.11655219656813745,4.470940654941483,-0.9289498648857378,-2.838973262410706,-1.052700532417794,-0.8969950639070793,0.3839644453223742,5.181406122871745,7.067314045042002,
oahu0012_0226,-3.311875507679119,-9.742864734607332,-10.433850894337038,0.8865836637880298,2.7131837436889636,-2.5064645222354796,-2.4406640598407896,-0.138051652137043,-1.108631672633127,-2.105142413301427,3.984072893958988,6.7709435310822945,
oahu0012_0227,-0.8779505672330884,-8.852241462959649,-8.587598560776629,1.6847423853196235,3.3079507651086013,-3.2146086124071305,-4.3986248430375054,-0.2895190553646743,-0.37472718190410337,-1.01619260642399,3.599250157819912,6.443767071404443,
oahu0012_0228,0.346722316968889,-6.391982969746778,-6.648536469503731,1.9536369357183279,2.3428056233998564,-2.888388559013045,-3.8851806573365297,0.18168422218129834,0.013014343205132787,-1.3800587071225843,3.4892172675864552,6.499411272071937,
oahu0012_0229,0.8913505067871882,-6.289265097093168,-6.241336432899924,1.8346734981155906,2.9140869348456127,-2.3120741377582696,-4.042100337355794,-0.89625049164578,-1.9161602887424867,-2.914757043959436,3.231928818861318,6.175645046524975,
oahu0012_0230,0.3929544103720212,-7.848913749366286,-9.480800307903404,1.9113977343105173,6.280871280736004,-0.3903722697733359,-4.561328773106029,-1.9551357928381699,-2.531109012849568,-2.3804185968926816,3.334711356384008,5.280759230678245,
oahu0012_0231,1.8739144788153899,-9.447356805003182,-13.036948204086872,-1.2929458888020013,4.75590476895345,0.1877938404150286,-1.4502743780412253,-1.3010750069990382,-1.7204663695827167,-1.2644478133689951,2.1182468585398238,2.99654528975458,
oahu0012_0232,3.3298103300231237,-9.804915481154437,-13.595696933418308,-0.18719929455301074,6.832949907725395,0.9418220571171109,-2.1991446071497354,-2.6241823642957693,-2.965656885880747,-0.47351557022371354,2.9410746541835833,3.5110448201001763,
oahu0012_0233,-0.5603038253370844,-8.592663605773682,-12.443466149867394,-0.0505810390024528,7.88879165479361,-0.13667683102086253,-5.505657384660564,-4.265245991605468,-2.6305871656438864,0.6683318877391635,4.4618329292975325,5.107248423829049,
oahu0012_0234,-0.752069388965407,-11.613843722999093,-10.206341004513357,4.6373933637085285,7.6948758927672305,-1.1584047969933757,-6.277583841401155,-3.014919973429083,-0.1798912695431662,1.021476095553871,3.6876185847421197,4.837334062768709,
oahu0012_0235,-3.5896300570323687,-10.552905306131557,-5.6714946143640965,5.16087391731005,7.089119374709004,-0.07327510382217547,-4.524009288894838,-1.4144519067504024,1.0675242019171554,1.105636818216406,4.202431303906005,6.520341596165684,
oahu0012_0236,1.1574325352868713,-3.0588818388188477,-0.331194982053574,6.492166760809534,2.9609312104936554,-2.698605584330499,-7.693530386126487,-4.5924209547950205,0.6879940818438899,3.979424673601532,9.370522195240461,10.788639892057882,
oahu0012_0237,4.505602834510549,-3.9839284565419946,-4.844242492864207,0.7491427516102834,-2.521020146723307,-2.6598293379601197,-4.459865996155816,-0.9498662539913055,0.11325977487175232,0.6079435587415872,6.269238674689453,9.349217500093014,
oahu0012_0238,4.942715223577125,-3.008507905099491,-3.767240799146752,0.22407424241820625,-0.7802590276318132,-2.5526024297923264,-3.3048173704567803,0.04513966369303776,0.41862500706219896,1.0066534662311437,5.966705630746566,8.630965569875062,
oahu0012_0239,8.445240449823643,-2.3015806853001672,-4.541014541367593,-1.38200796453491,-2.1318572365821127,-2.393421257720736,-0.6944813408983843,0.6830581494468883,0.4236541966082556,0.18004313503402183,4.42288221763988,6.4968803739581835,
oahu0012_0240,6.939363238412211,-2.1879511753442786,-4.050966471702975,1.9292575904357154,-1.0230657329428328,-2.4754165076877803,-0.9462773460969076,1.2208179617283168,-2.1900211258226427,-2.1545202145623596,2.9253381955362814,5.016256659685886,
oahu0012_0241,7.397174215091731,0.6004458032109659,-0.30773475843905507,2.190326672841788,-0.14055379206687263,-2.1603288690925564,-2.2342238010932807,1.1502889422662463,-1.707867219723498,-2.225683256453204,0.8283729398918994,3.0275810664640703,
oahu0012_0242,6.868712450473716,3.363788640782542,0.8449787140422148,-0.44226149628438527,-1.3669736519549935,-2.0178737085886747,-1.8587764806700129,1.7930208551233173,1.8650878713926897,-4.104164445751577,-0.5872928664629327,2.634352808145259,
oahu0012_0243,3.1019131969106195,-0.5060661700289864,-1.9979950215205335,-0.47599278550344276,0.20824344721239796,-1.7993440418812467,-2.0385611924239253,2.29451028078448,2.3081361336955104,-3.0465697393135565,-1.0855623040351206,1.676687461819677,
oahu0012_0244,1.7106629529095028,-0.8339438123419078,-2.3344718883338973,-0.889763138417818,0.21371182959564483,-1.367393234194508,-1.3707439216717658,2.840092618938758,1.8469818135964562,-3.6274952810763326,-1.002871756606483,2.5470610379495757,
oahu0012_0245,1.67964189325018,-2.8404766776107198,-3.9903278906640924,-0.6667568326385741,1.4613976316435946,-1.98818842691321,-2.95560068820261,2.127713903608038,1.8323733198350722,-2.806908135855226,-0.3849876771383292,2.945477006494219,
oahu0012_0246,0.29539050818426177,-6.0980816907290105,-6.463221558796666,-0.27942918070043266,4.049625916835304,-0.3836909463731018,-2.7142125311898857,0.8207164711681771,1.0519974763391822,-1.6439323319745411,-0.3076504417744047,2.483221636907106,
