dates,oahuoahu0042_0001,oahuoahu0042_0002,oahuoahu0042_0003
2017-01-01 20:19:47.000,156.63415553450085,156.9599681546182,159.80108579576307
2017-01-05 20:19:28.000,160.4393117506101,160.34836539704753,163.7563657759704
2017-02-18 19:26:46.000,156.7594581416596,157.08527076177694,158.71829864884978
2017-02-20 18:08:44.000,147.00471081617144,152.2336245994724,
2017-03-14 20:21:06.000,158.03645596690927,159.9118104521933,161.29444104863268
2017-03-22 20:22:21.000,159.43972078082805,161.31507526611202,162.75259792825122
2017-04-07 23:37:33.000,163.274003405708,165.1466171056028,167.6629530377948
2017-06-21 17:04:43.100,,,
2017-06-24 20:19:23.000,161.810856929084,164.09474803188044,167.28974639460358
2017-06-25 20:18:39.000,161.21043646788027,163.49432757067672,165.6206965509062
2017-06-30 20:24:02.000,164.14695694657183,164.46454721052172,166.63228028242574
2017-07-10 19:09:48.000,158.69243098849842,159.36058615060648,162.45089014949787
2017-07-13 18:14:01.000,,,
2017-07-27 03:14:04.000,158.76374109639977,160.2396758424232,163.50495231030703
2017-08-16 18:24:44.000,,,
2017-08-26 20:23:14.000,157.9668829260036,159.4136693931612,162.10928925014326
2017-08-30 20:23:01.000,157.17000309785757,160.60312180447562,168.51648511254152
2017-09-03 20:23:05.000,162.0703023501421,164.43445500706392,171.39232615637547
2017-09-03 21:38:22.000,158.776177440288,159.39895487960422,164.686248764076
2017-09-03 21:38:23.000,159.37620873498912,159.39922630976636,164.36240869673722
2017-09-04 20:20:54.000,157.34133614014803,159.2194314108212,162.89638775864628
2017-09-04 20:20:56.000,157.34206855982,159.22016383049316,162.8686360605497
2017-09-06 21:39:06.000,157.37681706213743,157.66482022823672,159.93684845733222
2017-09-13 20:23:26.000,157.79664357431244,159.661475578501,163.92235183240678
2017-09-16 20:26:06.000,159.32373546877838,159.23552990060494,163.52331413325754
2017-09-18 20:21:57.000,159.97968984229678,162.25305846399786,164.34362707422486
2017-09-19 21:37:23.000,156.49127087146442,158.43696806182794,162.71179363099506
2017-09-19 21:37:24.000,156.49160870701152,158.3564407112001,162.39529043771955
2017-09-21 20:22:56.000,158.66269204526998,160.93606066697106,163.66175573564746
2017-09-23 20:23:44.000,159.18327376477498,161.05862825005897,163.58640686966922
2017-09-27 01:35:05.000,157.7986734022861,158.5849282573621,161.52055542847742
2017-09-28 20:21:29.000,,,161.36392216584542
2017-09-29 01:05:05.100,157.98903793516226,159.86713320583542,162.95959544661423
2017-09-30 20:23:34.000,157.42445483132988,159.28928683551845,162.18880291153624
2017-10-05 20:23:24.000,158.87259061104794,160.23550685584812,163.58368344671985
2017-10-15 21:34:39.000,,167.33996664156928,167.55748025325687
2017-10-18 21:34:28.100,158.5220446139503,160.40013988462346,162.9982361863391
2017-10-24 20:24:45.000,159.85450529940726,160.57559127055256,164.46112475201235
2017-10-24 20:25:42.000,160.26327231744338,162.53552022320548,164.9601876995878
2017-10-24 21:33:54.000,157.6375950930707,157.56734950466196,161.27526434163784
2017-10-24 21:33:55.000,157.1171709806502,157.54935406438244,160.4540083660165
2017-10-27 20:27:20.000,157.26312965588946,159.12796166007803,162.17796127822953
2017-10-30 21:11:11.000,154.86693560074843,157.546540715034,160.7011999670555
2017-11-05 20:26:18.000,156.91697231433395,158.7950675850071,162.1101815133811
2017-11-06 21:32:00.000,159.34735430900727,160.60268167315127,160.90435407378942
2017-11-13 20:25:02.000,147.69171558341586,152.81239279022645,159.90707590738626
2017-11-24 20:25:45.000,156.91898679986693,158.38926575917637,161.54597709345117
2017-12-05 20:25:57.000,159.0403342729065,161.32970694648128,162.7709580584807
2017-12-05 21:26:54.000,148.9913890636324,,
2017-12-06 20:26:18.000,155.1092832389243,157.38813343140365,159.61176014365432
2017-12-07 20:26:27.000,158.00681286357107,157.9811714131073,161.8426902643301
2017-12-09 20:26:23.000,,,
2017-12-11 20:26:48.000,,,
2017-12-16 20:27:05.000,157.4168969328687,158.08677680312604,161.51908440986128
2017-12-18 20:27:32.000,156.64394619331856,158.8575316104793,161.38319985165847
2017-12-21 20:27:20.000,157.26813103095432,158.95910415503835,160.68712099677344
2017-12-21 21:24:32.000,154.68006010847753,156.9589103009569,158.13709464507454
2018-01-02 20:27:20.000,156.8110969410051,158.68919221167826,161.9270107611532
2018-01-10 20:27:40.000,156.0038179278624,157.86864993205097,160.36492562303854
2018-01-10 20:28:17.000,157.95444203489205,159.76512127667925,162.42668091497222
2018-01-12 20:27:50.000,157.32006885380397,157.60536967832104,161.96323326610317
2018-01-13 20:28:40.000,156.231399209623,158.61115480855102,161.76085069168147
2018-01-26 20:29:11.000,155.3550056747402,157.63385586721955,159.7138328752248
2018-01-26 21:17:43.000,155.03785086706796,156.91868692313025,158.3062284446023
2018-01-29 20:27:44.000,155.35899145716672,157.2238234613553,160.90026658397196
2018-02-08 20:30:00.000,159.5821868013156,161.05188131853382,163.8483653863193
2018-02-08 20:30:01.000,157.2150549050664,159.09315017573957,162.59834082082503
2018-02-09 20:30:07.000,,,153.00398502230811
2018-02-11 20:29:10.000,,,
2018-02-15 20:29:27.000,154.40067385609157,159.70362071743392,164.50402947828695
2018-02-15 20:29:29.000,161.41333822774268,161.31965108879098,164.48393706726364
2018-02-19 20:29:54.000,,154.969852554091,
2018-02-20 20:29:18.000,162.65014627817976,162.96773654212964,164.3839866626236
2018-02-20 21:14:35.000,158.1177637078832,159.9931181931672,161.59023024974192
2018-03-05 20:28:55.000,162.31716956275952,162.6347598267094,164.7543214591195
2018-03-07 20:30:17.000,160.7637328627339,162.6363465626287,162.75115255665352
2018-04-25 21:04:52.000,167.4532547622493,,
2018-06-12 20:57:57.000,158.01980366227497,159.9656112924105,163.99028972073015
2018-06-19 20:57:14.000,159.00029336359466,161.27366198529575,165.0423171588923
2018-06-20 20:57:10.000,158.45152128869125,159.8897891338786,162.3750572825065
2018-06-29 20:33:25.000,167.15167616173122,170.2550906526821,169.23085953018173
2018-07-12 20:33:46.000,173.10527223410347,168.8483927571384,166.4170241811969
2018-07-16 20:34:14.000,166.3201218991919,170.4037675450735,168.09341181862874
2018-07-16 20:53:37.000,159.52338702984798,162.586167282573,165.03127618527057
2018-07-20 20:34:18.000,163.15919170783152,163.30599053862002,166.34313790755252
2018-08-12 20:35:33.000,162.01026080984866,164.2941519126451,166.44388273181917
2018-08-15 20:35:32.000,,162.34481921888826,164.7529166679743
2018-08-30 20:36:34.000,163.25181548031276,163.64351628393953,165.57323547132972
2018-09-10 20:45:34.000,,,
2018-09-11 20:32:25.000,164.94621486933465,,
2018-09-17 20:44:08.000,159.2322428319827,159.3800187335553,163.2366693110771
2018-09-19 20:37:15.000,,,
2018-09-24 20:36:39.000,172.71606560495454,172.56282428386498,176.35956192223875
2018-10-14 20:37:33.000,158.44326375382155,158.35505818564812,162.11688917226084
2018-10-14 20:40:00.000,156.51847427862543,158.34084894416534,162.29082693241426
2018-11-07 20:33:05.000,,,
2018-11-11 20:37:45.000,166.74150726789574,162.32772679592924,160.17847259543694
2018-11-13 20:38:05.000,165.08054877088628,165.5821014514996,168.17187974140944
2018-11-28 20:38:07.000,158.86255797040607,161.1386673774963,164.579250951673
2018-11-29 20:35:00.000,,,
2018-11-29 20:36:56.000,173.6112672910991,,
2018-12-01 20:38:30.000,,,
2018-12-03 20:38:52.000,,,
2018-12-06 20:32:34.000,,,
2018-12-06 20:38:40.000,150.65262298450347,142.98477959178385,
2018-12-06 20:38:41.000,150.51955456259466,143.06576988917377,
2018-12-27 20:40:01.000,157.97780294917757,157.9745908185842,161.8497602657978
2019-01-02 20:27:58.000,173.94277660782078,175.25048920065043,174.4725538479341
2019-01-02 20:27:59.000,171.823049500791,172.142764693427,171.4881505352892
2019-01-02 20:40:34.000,,172.736330040008,173.6613757026914
2019-01-07 20:27:25.000,157.08128203543126,158.75233433833492,161.40160466929402
2019-01-08 20:27:22.000,157.74814817151494,158.91076717030148,162.73561436250557
2019-01-11 20:35:59.000,,139.23814329951526,
2019-01-12 20:40:13.000,159.86721740022233,161.8641662422986,164.57642200075594
2019-01-15 20:41:59.000,157.76526359346036,160.04137300055058,163.86966744931155
2019-01-20 20:37:43.000,,,
2019-01-25 20:39:40.000,156.85107605772765,158.6952695898809,162.579771145167
2019-01-25 20:39:42.000,156.85068514883508,158.6855450537164,162.58888797995368
2019-02-06 20:39:43.000,,,
2019-02-08 20:39:52.000,158.31207352125153,158.79863788739132,161.3953699212799
2019-02-11 20:38:44.000,153.5734570760832,152.11346188413512,153.74289167499683
2019-02-12 20:42:43.000,156.6601534174253,158.53824868809846,161.08135146870515
2019-02-18 20:41:54.000,157.38554474434935,160.35518168258787,163.28701018146415
2019-02-27 20:21:27.000,159.24519573069904,160.4743141895201,163.79162373410003
2019-03-03 20:43:09.000,159.62568746662058,161.89905608832166,164.64489233476942
2019-03-08 20:41:06.000,152.4088609782638,156.75176741709308,163.37840550417292
2019-03-10 20:42:39.000,,,
2019-03-16 20:17:25.000,157.10437130683476,158.98246657750792,161.68709681702555
2019-03-21 20:40:17.000,157.86150106961236,158.2945757484633,160.3296615485302
2019-04-04 20:40:56.000,158.6011883968854,159.3222743680307,162.2909565873646
2019-04-06 20:40:16.000,158.3126529465871,160.32022355561006,164.05742249867728
2019-04-07 20:43:51.000,160.0286618226686,163.05689380570422,165.3570554056783
2019-04-14 20:13:12.000,,,
2019-05-05 20:41:06.000,162.46025464118287,162.77784490513275,165.5009870036259
2019-05-05 20:55:10.260,162.7489257747208,165.03281687751723,167.4565712356354
2019-05-09 20:08:26.000,161.51869127448902,163.80258237728546,165.95231319645953
2019-05-09 20:41:56.000,163.88173812761286,163.90857631387928,165.9483042889306
2019-05-09 20:41:57.000,163.46774319168435,163.7985967221188,165.96633486809606
2019-05-09 21:35:36.030,154.62699092300414,156.7452319416251,163.5055671791928
2019-05-12 20:42:05.000,158.95323837569177,159.67432434683707,163.34299625465945
2019-05-20 20:43:09.000,159.55671537345094,162.9081207960552,165.1535502649779
2019-05-22 20:05:06.000,162.27666727466655,163.66375541048816,167.01732902075858
2019-05-22 20:05:07.000,161.3799080954483,163.66379919824473,165.40145074105547
2019-05-22 20:08:07.000,159.0212572926183,161.12076703421477,163.32334641927062
2019-05-29 20:40:44.000,160.01120709009265,160.40495033777717,162.71156644087773
2019-06-06 20:42:59.000,167.85145429935238,170.14312709785509,172.29750009201356
2019-06-07 20:42:47.000,162.3805080467114,163.77916255097048,167.05229876825794
2019-06-08 20:41:24.000,164.61257581110775,166.1233788302407,168.01984044751828
2019-06-10 20:41:38.000,161.8441142915369,162.16444534087597,165.08028478902443
2019-06-11 20:45:01.000,160.68294795925422,162.18797110550375,165.19060190151933
2019-06-13 20:36:37.000,161.62865636007322,163.3035334476369,165.16298634681343
2019-06-15 20:57:02.070,155.28664914915288,156.01321669107645,161.15509383536252
2019-06-16 20:53:16.940,159.30750004433418,165.51272948133223,
2019-06-18 20:42:05.000,164.5005900061841,166.7817403235914,168.09825745670273
2019-06-20 20:43:26.000,163.9690630302189,162.07883018078363,163.80990531032123
2019-07-06 20:41:46.000,,167.25781016190035,167.35726760788134
2019-07-10 20:42:18.000,160.59871794321353,161.5193843961637,165.15066070390913
2019-07-11 20:00:47.000,158.7248801149264,158.63667454675297,164.0344035937283
2019-07-18 20:43:57.000,,,
2019-07-23 20:42:06.000,163.7860197606197,166.06991086341614,168.5598211870285
2019-07-24 20:58:18.860,158.26338909767634,161.2957528824882,166.36919761892568
2019-07-24 20:58:20.850,163.3714265613052,162.25351826932672,163.76122869339858
2019-07-28 20:34:25.000,157.77132322457675,161.24607306262791,163.27984611495927
2019-07-29 20:42:05.000,160.70700118076903,161.42808715191435,164.5872619244923
2019-08-02 20:34:02.000,165.34570801868378,166.2455587002072,169.54928551734056
2019-08-08 20:45:27.000,160.47558637034703,159.6030862345036,164.4503892522376
2019-08-13 19:55:11.000,156.57166799683895,156.48346242866552,160.8532154814476
2019-08-25 20:46:14.000,,,
2019-08-29 20:44:23.000,159.31380977844637,159.63688161317458,164.00830916669943
2019-09-02 19:50:21.000,161.9146188023779,164.48777942007973,167.8899558169617
2019-09-03 20:42:23.000,159.54822032435575,159.45727397079318,162.49077555350237
2019-09-06 19:51:58.000,155.20226985821097,156.57870881353602,161.715104658482
2019-09-06 20:48:26.000,,,
2019-09-07 20:32:03.000,161.03404162358493,159.9520628732902,164.59089561939254
2019-09-09 20:44:47.000,163.97081009693323,165.84342379682803,169.11589003742824
2019-09-15 20:34:54.000,158.25960843471805,158.98069440586335,161.98830828880529
2019-09-18 20:46:32.000,159.15328368182975,159.47635551655796,162.40289210005457
2019-09-24 19:49:21.000,157.16897877881766,158.9608583942973,161.24664066755713
2019-10-06 19:47:53.000,154.96409522379955,157.05990052811265,161.15164474629825
2019-10-06 20:46:43.000,157.36227004288085,158.77773024377453,163.52886804927093
2019-10-12 20:46:12.000,159.68163302370925,160.00470485843746,162.45769042763183
2019-10-14 19:46:42.000,160.82854878699044,161.1488798363295,163.32004459472125
2019-10-14 20:45:21.000,157.45004696019646,156.94782320373224,159.019739355727
2019-10-15 20:46:38.000,156.97762899898612,156.96852748755842,160.72911451904704
2019-10-21 20:43:15.000,157.52829473218668,157.84084408581947,161.74410830859017
2019-10-25 19:44:49.000,156.7785431023409,164.48299686969708,
2019-10-27 20:43:56.000,,,
2019-10-28 21:00:47.120,150.62005006985603,150.5951063095541,156.23266704154156
2019-10-30 20:47:34.000,158.26395528680015,159.8939507031213,163.6493144123048
2019-10-30 21:27:27.500,148.21391664519075,150.48498514196385,153.03732620665906
2019-10-30 21:27:29.560,152.53409054880197,152.84938068782392,157.77376011483403
2019-10-31 20:44:53.000,155.3033255309922,153.25155990936136,152.53074812378952
2019-11-01 19:41:23.000,156.40823374035054,156.72078309398333,160.62917878156634
2019-11-02 20:46:22.000,158.7267578128968,158.68040304979797,163.35129417716112
2019-11-10 19:39:29.000,154.56391891345208,155.29048645537566,158.72397239205165
2019-11-11 20:45:51.000,147.83738532551638,154.59172182707738,158.5249482135839
2019-11-13 20:51:52.000,,,
2019-11-14 21:04:17.080,152.54539560886354,155.22500072314912,160.88286796423628
2019-11-14 21:04:19.560,152.5454542222938,155.2250593365794,160.14632184570974
2019-11-15 19:41:06.000,,,
2019-11-19 19:41:14.000,,,
2019-11-25 19:39:35.000,157.00166460586556,155.8566017648357,160.51287777816742
2019-11-25 19:39:36.000,155.93528394182724,157.08014640968852,159.9997016641618
2019-11-29 20:46:59.000,161.12309821806062,160.1595048976197,164.97085983255616
2019-12-07 20:46:16.000,156.62280480151054,156.86311818557567,161.0922005194862
2019-12-08 20:35:34.000,153.5556423922872,156.1819268965053,160.2096852251493
2019-12-10 19:37:57.000,157.34025690819453,157.2520513400211,161.65645972359633
2019-12-10 19:37:58.000,149.88799748735696,155.26204862633224,161.47780178833466
2019-12-11 20:46:53.000,154.24959202796737,155.34816672650982,159.08310328734223
2019-12-12 20:36:10.000,,,
2019-12-12 20:48:25.000,156.03172567881117,154.75628502538407,155.53985242136451
2019-12-12 21:24:32.360,,,
2019-12-27 19:31:11.000,151.2438286610883,152.17764929604527,159.7823922287743
2020-01-06 21:23:38.090,154.96148927924247,155.68805682116604,161.1747147627137
2020-01-21 20:46:14.000,159.28746214150758,157.72382401028403,162.07014634378925
2020-01-21 20:48:16.000,157.41708854384086,159.25943289010527,162.55468113455865
2020-01-24 20:45:00.000,156.56769664331765,156.893509263435,160.500636999261
2020-01-26 20:44:55.000,156.7821517291894,158.66024699986255,160.61464291048344
2020-01-27 20:47:41.000,161.04107145776408,158.9970875318395,162.2676296396771
2020-01-29 20:47:02.000,160.57484630115502,159.89495674861607,163.03261810643227
2020-01-29 20:48:15.000,159.09290106361578,160.43452582375994,163.21454943199723
2020-01-30 19:29:32.000,159.51172273120022,160.23280870234552,163.5239055056527
2020-01-30 20:47:19.000,159.1655402160801,160.32258266454556,163.5709582030359
2020-02-02 21:21:39.390,154.5976444446578,156.66547694052548,158.94684387307882
2020-02-04 19:28:31.000,155.08329576844685,155.80803224987565,159.80324456042607
2020-02-09 20:45:25.000,161.2528676625871,161.1591805236354,162.80074460984102
2020-02-11 20:46:42.000,160.3098740369551,160.63020508629418,164.52720741011805
2020-02-15 19:26:02.000,154.4413549801238,154.76990838563032,157.088956898945
2020-02-16 20:50:29.000,161.44133105812014,163.31394475801494,166.06540456778288
2020-02-17 20:45:25.000,159.30457516217652,157.64534210618447,162.58372917405094
2020-02-23 20:45:47.000,161.06708197269214,161.3874130220312,164.17779366869803
2020-02-26 20:47:19.000,160.35227313723703,161.27806889539943,164.4509118026748
2020-03-03 20:47:17.000,152.575164209042,161.78026929285147,169.27702805751602
2020-03-04 21:20:40.330,161.4056816038768,163.6756475880847,164.96513358997584
2020-03-05 20:48:56.000,,,
2020-03-07 20:46:51.000,159.5610751289746,160.64040134142445,162.97032175625964
2020-03-10 21:09:53.940,151.2834248546357,153.97700459667425,158.62773252748988
2020-03-10 21:16:29.430,153.82416806723415,154.18466802180893,159.9037998941617
2020-03-20 19:19:00.000,156.22376405867175,156.5495766787891,159.13142120177173
2020-04-02 19:18:57.000,156.61078707534713,157.388489924919,161.61463886632805
2020-04-04 19:17:57.000,158.59113623194585,159.0923668395305,162.60736831827023
2020-04-04 19:18:16.000,161.37521573825387,161.28152859930216,164.20972170224368
2020-04-16 20:45:00.000,166.04641704302608,166.6932190551304,170.54126731342834
2020-04-26 19:12:17.000,161.01706247532195,162.3738150876846,164.1747260821296
2020-04-30 20:35:31.000,167.5162070236533,171.71287218981044,175.24788170510894
2020-05-04 20:18:44.850,157.23828577155217,157.56409839166952,162.75386101999936
2020-05-04 20:18:47.070,160.02029325006174,161.10146014696028,165.7630647861697
2020-05-04 21:17:02.820,154.69979541543012,157.89381011872126,164.56373504406787
2020-05-12 20:18:27.190,154.88338489958574,155.20919751970308,157.93079889685865
2020-05-14 19:11:56.000,157.23016775414013,158.38567341672996,160.92877619733665
2020-05-15 21:11:39.010,157.20713565610396,158.9066172511423,162.925883890287
2020-05-16 20:48:02.000,163.85089455032966,170.73888953639135,172.2370113719097
2020-05-16 20:48:03.000,162.7651087415396,171.05821750262896,174.96028782350493
2020-05-17 20:46:09.000,,,
2020-05-28 20:19:00.970,149.7837846806594,152.67908396354457,155.3521880785207
2020-05-28 20:49:02.000,165.18755811860012,166.82036003272384,168.42475458884115
2020-05-29 21:12:09.130,175.62439878905167,,
2020-05-29 21:12:10.630,154.67207701059405,149.8977647002461,154.38964266456944
2020-05-31 20:48:10.000,,,
2020-06-01 19:08:34.100,,,
2020-06-05 20:46:32.000,166.7752210863296,169.96994657290315,169.82240574055984
2020-06-15 20:47:44.000,171.66742764301657,174.01319794805164,175.3033495551441
2020-06-22 19:05:45.100,167.67591038663312,169.55356499684504,166.94835614538937
2020-06-24 19:05:18.000,159.20283625388615,161.07544995378095,162.82969359796556
2020-06-24 19:05:19.000,158.78874827907725,159.33370613855513,162.713868071447
2020-06-26 21:13:17.320,161.37581521920657,160.44784648565917,163.53151899952098
2020-07-06 19:04:11.000,158.30783538481415,160.3734433878907,162.37990749347966
2020-07-06 20:49:41.000,162.3815246118768,166.21769836522904,164.85710605002194
2020-07-10 20:46:47.000,162.7115531438172,165.03577654542374,167.82043564223514
2020-07-16 20:46:52.000,159.0261710702877,158.93796550211425,163.68665527542737
2020-07-19 20:49:10.000,161.24113675390058,163.72945206089707,164.73109007579666
2020-07-20 19:00:25.000,156.13233789129492,156.85342386244022,161.44724181163195
2020-07-20 20:21:04.090,150.83558800766758,151.2215495596459,155.62244718186787
2020-07-20 20:21:06.310,152.86005868501138,153.58662622693495,157.89788306403068
2020-07-21 20:46:09.000,158.18963663981634,159.66091438576467,161.6763734943508
2020-07-29 20:48:05.000,156.07560790170277,160.36710825109287,168.37729326224215
2020-07-29 20:48:06.000,156.6957765083918,164.77605315517496,170.21095338399982
2020-08-03 20:47:39.000,163.03643872510565,163.35402898905554,166.10073179371474
2020-08-13 18:56:14.000,153.52337156753592,153.83866170655787,158.59044617337858
2020-08-13 20:46:39.000,149.46294899702167,152.54493962873676,
2020-08-17 20:22:36.540,145.9337664865285,155.02421738476826,
2020-08-26 20:45:25.000,159.80754145283046,159.71933588465703,165.21004626013718
2020-08-27 20:47:08.000,169.04033852079283,169.92195262899733,168.62196398996497
2020-08-30 20:47:03.000,162.26659555776632,163.39576744595496,168.80201678837705
2020-08-30 20:47:04.000,163.21116769618678,163.6611403682584,169.12810441518397
2020-09-01 20:17:12.310,149.672447311925,150.78811591090272,157.30698677578818
2020-09-01 20:47:29.000,,,
2020-09-02 20:46:09.000,161.36916608120265,165.27952743276694,169.236730772921
2020-09-05 20:45:25.000,,,
2020-09-15 20:31:09.000,158.00339518833744,158.08445287654934,161.98681919813936
2020-09-15 21:09:15.650,154.3617922140278,155.0750964894668,161.20106834331128
2020-09-16 20:44:16.000,155.62004259771624,156.12403847188162,160.75407587653206
2020-09-17 20:17:32.310,149.13283652659413,152.2369664059248,159.54301120762676
2020-09-17 20:17:34.520,147.180431004814,151.88161426374617,159.09421742562094
2020-09-22 20:46:59.000,,,
2020-09-25 21:00:38.640,149.46753142001376,152.84658979237165,158.53543822432093
2020-09-28 20:47:25.000,146.09288347527996,,
2020-09-29 20:20:25.550,155.77448023221118,157.63931223639975,162.41007134116552
2020-09-29 20:20:27.760,152.99403610831268,153.61766101529074,158.46122037866607
2020-09-30 20:46:38.000,154.51682010856717,155.2188799067642,158.6826447961988
2020-10-04 20:24:22.580,154.4838075022448,154.39834271946052,158.4613281475641
2020-10-06 18:47:41.000,155.5001581166118,156.2159330238679,159.59046879401092
2020-10-07 18:44:43.000,152.63946607110236,153.27735325228358,157.20644567697357
2020-10-07 20:18:14.630,156.42423812625873,159.5205612168514,166.73450703373092
2020-10-07 20:18:16.840,165.55622584803268,167.23855293015504,170.0993133639322
2020-10-09 21:01:49.000,,,
2020-10-10 21:21:00.970,,,
2020-10-12 20:45:56.000,163.6637033089242,165.3019524160053,170.80781812502133
2020-10-22 18:44:13.000,157.19978367822648,157.91153378615908,162.13184830459335
2020-10-24 18:43:30.000,,,
2020-10-29 18:41:53.000,152.3298185295855,154.60732767310847,156.7671950046275
2020-10-31 20:45:36.000,155.7243830273643,157.24409581279528,161.98349483200525
2020-11-02 20:45:00.000,156.7911066383212,156.6614484429195,160.76906687604014
2020-11-04 20:18:57.970,155.54657704737335,157.22717975431303,161.60521779141723
2020-11-04 20:19:00.180,153.17925227994425,155.68717740072378,160.30364620600014
2020-11-05 21:21:55.660,155.29376833555293,156.0203358774765,160.7975340960566
2020-11-13 21:14:02.910,151.53652108031926,151.92395085795718,157.4883610394937
2020-11-14 20:25:04.820,153.11838975863716,155.37307501976107,158.52846186759618
2020-11-14 20:25:07.040,152.70486277849963,155.23550570811744,159.26142879901266
2020-11-15 18:41:20.000,156.9938105477336,156.97334038669587,160.22559740622157
2020-11-21 20:49:34.000,157.25839854012736,159.12323054431593,162.83938461850352
2020-12-01 18:35:52.100,,,
2020-12-01 20:44:41.000,154.87801082175972,155.46846195232897,158.84034833953038
2020-12-02 20:59:29.560,156.13253510361972,157.24312057197798,159.7157209034983
2020-12-03 20:27:18.270,158.73979657139824,164.70962681499495,170.7817324889833
2020-12-03 20:27:20.530,145.8693888215041,151.96547107936783,157.40044134985263
2020-12-06 20:24:06.630,154.6452004012652,156.83225928545684,160.82289584324946
2020-12-06 20:49:07.000,153.95153171156068,155.41105341238054,159.77806951843144
2020-12-07 20:43:20.000,156.25984974803208,156.98641728995565,161.27756546020348
2020-12-10 20:27:55.290,,,
2020-12-10 20:46:21.000,166.2694374275333,173.71822512341114,173.4438245019955
2020-12-11 20:43:42.000,153.75376871467108,155.56647339242906,159.5365763182688
2020-12-13 20:45:49.000,154.7079830177103,155.43455055963386,159.3934216005738
2020-12-15 21:13:02.690,160.62485800918822,,
2020-12-17 21:23:01.250,154.85643339164784,157.20678543273033,160.11701436867378
2020-12-18 20:27:25.270,,,
2020-12-18 20:27:27.550,,,
2020-12-22 20:44:14.000,155.64520038632156,155.97375379182807,159.53656270454184
2020-12-23 20:47:30.000,157.6710702754918,158.20032430939688,161.9030273556479
2020-12-23 21:03:09.290,153.4733584044978,154.87490518576985,159.29209602046643
2020-12-27 20:26:20.620,,,
2020-12-30 21:13:05.210,152.4197804570687,153.32020687909687,158.1468659341466
2021-01-04 18:31:59.000,,,
2021-01-04 20:44:21.000,157.67991515106155,157.36285570803412,159.3079254611376
2021-01-07 21:21:57.340,154.8378513086619,155.56441885058547,161.09002646001613
2021-01-08 20:46:47.000,162.20336420146546,160.55739441195797,164.4178010669303
2021-01-09 20:48:02.000,155.3510797949104,155.26561501212612,157.41561458134842
2021-01-12 20:46:42.000,154.6559847245915,155.4489561152757,158.47099346061955
2021-01-13 18:29:42.000,,,
2021-01-30 20:54:53.000,158.40870252935483,159.12978850050013,163.30561266222753
2021-01-30 20:54:54.000,158.8227204914074,161.0960891131085,163.06026859280806
2021-02-02 20:49:05.000,148.81317016119024,149.54521927389214,152.89283891432208
2021-02-07 20:25:53.100,154.3595139224486,155.08608146437217,159.4472890872484
2021-02-08 21:09:58.730,158.46511716814425,159.3422172264117,162.52067696651463
2021-02-16 21:00:45.360,156.189234129033,159.51504186952343,156.70973033075694
2021-03-03 21:28:05.810,157.1191914905757,157.840277461721,161.3765331949189
2021-03-14 20:45:15.000,158.0893204014944,158.8104063726397,161.6362030991256
2021-03-19 20:44:57.000,159.85810708280752,160.1784381321466,162.5181589288269
2021-03-23 20:19:23.040,175.98563772722642,173.73779963294476,
2021-04-08 20:28:22.590,156.8258047617082,157.20661880388693,160.22925343095628
2021-04-09 20:24:30.000,156.85322669585696,156.4504685337521,156.18377901631766
2021-04-09 20:45:28.000,158.67271070678325,160.02447198763468,164.41556674113977
2021-04-14 18:15:50.100,159.29321875436383,159.6135498037029,163.05167791536329
2021-04-16 20:43:32.000,161.71156293794195,162.02915320189183,164.99189466375609
2021-04-18 18:14:25.000,157.789309303716,158.11238113844422,161.40337431101725
2021-04-18 20:43:23.000,162.0274490667722,162.34503933072207,164.55426741600374
2021-04-19 20:54:08.670,146.22885957103588,146.54963128083614,149.89883146617032
2021-04-19 20:54:10.520,160.0171599243248,160.33749097366388,163.5399667806638
2021-04-22 20:28:54.210,152.53577376287987,155.21537887716545,158.1326280415078
2021-04-25 18:10:56.000,166.5976189557934,166.7988264999574,167.93655998832975
2021-05-03 21:09:50.630,158.86804375434562,165.70704933615866,
2021-05-04 20:16:35.240,161.09783720749718,161.41816825683625,166.32303812935015
2021-05-04 20:16:37.540,154.41075918122166,155.01966488133473,160.46481723187236
2021-05-08 20:43:41.000,159.76887154338775,160.091943378116,163.46483583156035
2021-05-11 20:19:22.950,151.06657516110272,155.97930553126636,161.19377230965253
2021-05-12 21:07:52.900,156.5737869137226,162.4723817515636,167.35234708112458
2021-05-24 18:09:20.000,154.945510989318,159.28897055247296,161.0455981602626
2021-05-24 18:09:21.000,157.01584278502338,158.0617064607822,161.0458390145141
2021-05-25 21:31:15.680,175.2735959577702,,
2021-05-26 20:28:19.950,159.97094838572653,161.81999309302688,165.62372999493746
2021-05-28 20:45:54.000,163.53819702717493,165.81934734458224,167.1487854840273
2021-05-28 20:45:55.000,163.53845839788468,165.30969114681747,168.21386581430767
2021-05-31 18:06:27.000,155.6001814005498,155.92599402066716,159.1189325288701
2021-05-31 20:18:53.350,155.4813021799823,155.52607261099448,161.56766161498018
2021-05-31 20:18:55.650,155.48121482483873,155.3930092566653,159.96746170237876
2021-06-07 20:19:25.490,159.18658407502903,159.87173590917743,160.90178418631243
2021-06-08 20:18:57.460,154.25643217240702,154.9829997143306,158.06202011230252
2021-06-16 20:18:22.170,155.48888260969844,155.81469522981578,160.1600966560878
2021-06-18 21:06:18.680,158.4244976728745,159.5788233774417,164.13862157801046
2021-06-18 21:06:20.980,157.77947821263032,157.6912726444569,162.62584729703605
2021-06-19 20:42:17.000,158.66248681269803,159.34653967411992,163.67667307689032
2021-06-22 20:53:14.550,158.3657381988752,147.7415314481793,
2021-06-22 20:53:16.070,163.8502670159727,151.21673420333008,
2021-06-25 21:05:13.260,,,
2021-06-26 21:08:35.440,164.64966039061582,162.06912333653025,165.67488573789345
2021-06-27 20:16:48.460,159.01978481729807,160.56598602863107,163.90824808554137
2021-06-27 20:44:53.000,163.56198576787784,165.84313608528515,166.96411831629212
2021-06-27 21:30:59.670,,,
2021-06-27 21:31:01.170,175.0567248887466,,
2021-06-29 18:03:07.000,158.29608298068808,159.01716895183338,162.70645506535138
2021-06-29 20:50:35.970,157.57555370581548,157.8986255405437,161.61288218966476
2021-07-05 20:15:12.990,158.3628108551853,158.27460528701187,162.20802836304938
2021-07-07 20:42:01.000,145.6849378932815,147.24226669283465,150.06847765960512
2021-07-07 20:42:02.000,153.55164514770937,,
2021-07-31 20:43:57.000,164.72126419522994,166.24890092030478,170.29508938381315
2021-08-04 20:41:51.000,158.8738744245018,158.78566885632836,163.2809818085302
2021-08-04 20:41:52.000,158.8741545456985,158.78594897752507,162.78508334032094
2021-08-06 20:43:43.000,162.4486560532727,162.354968914321,165.2090874742522
2021-08-09 20:44:20.000,160.7067974072207,164.18498299135177,166.6884924111081
2021-08-12 21:05:43.000,158.2004262093715,158.9215121805168,162.85702614371593
2021-08-18 20:18:51.100,152.6366188444894,154.5069324194563,158.95525980666514
2021-08-18 20:24:54.620,,,
2021-08-18 20:29:00.300,156.7262212471171,157.45278878904068,163.11065603012784
2021-08-22 21:05:05.520,,,
2021-08-22 21:05:07.830,140.82249338706944,,
2021-08-29 21:07:55.250,158.2646199792577,160.9547475746387,164.89956058946854
2021-09-01 20:15:04.790,161.15696486781474,161.89300369697716,168.55680115201588
2021-09-01 20:15:07.090,154.47038196219427,155.2610126752297,160.78617430925797
2021-09-01 20:16:35.730,158.80702680567984,161.49715440106084,166.65723651600618
2021-09-01 20:18:05.350,167.10420409106175,,
2021-09-01 20:18:07.650,153.95074832559234,158.4253065158786,
2021-09-01 21:04:08.760,159.27749996142634,160.00132671796078,165.84724300836405
2021-09-01 21:04:11.060,154.95782681609026,155.67113109152928,161.1305997732522
2021-09-03 20:15:02.550,156.0774824468761,158.35633263935546,163.08886837910396
2021-09-08 20:44:24.000,160.48807074648,162.77470263466557,165.80511099712493
2021-09-13 20:42:31.000,159.65102509188705,159.5628195237136,163.95875238721808
2021-09-22 17:49:20.000,,,
2021-09-22 20:24:29.020,156.4063737422088,156.31816817403538,161.21859574111275
2021-09-22 20:24:31.310,153.62562189459535,154.35218943651893,159.34633823316622
2021-09-25 17:49:22.000,161.61334014078312,,
2021-10-01 20:14:55.480,156.70751224619423,157.4340797881178,161.26158198163745
2021-10-03 20:29:42.390,158.87889186103135,159.188700429275,163.7957312677533
2021-10-07 20:44:40.000,160.30514305987458,160.767203017557,163.2761772413641
2021-10-07 20:44:41.000,159.24003323544278,161.43869843316835,163.29103675244457
2021-10-08 20:15:52.350,154.93168918191026,156.79652118609883,160.76132743119442
2021-10-08 20:15:54.650,152.6289644933527,154.43226055561786,157.6392374606099
2021-10-18 20:43:59.700,157.7964161479102,156.155927929181,159.88376730084988
2021-10-19 20:13:06.810,157.2662528717113,157.17804730353785,162.53278378179508
2021-10-20 20:18:24.450,154.2621434395118,154.98871098143536,158.59024121522134
2021-10-20 20:18:26.750,154.67651104005563,155.27894025040774,159.38466083569824
2021-10-22 17:43:47.000,145.46761028085172,150.78386092686785,
2021-10-26 20:15:10.260,156.07840788170373,156.8049754236273,160.53569607597117
2021-10-27 20:15:42.530,156.5233121159271,157.24987965785067,162.07107694030503
2021-10-29 17:41:26.000,146.4754210268737,,
2021-11-01 20:16:00.210,157.14283710141447,157.72006562305728,162.68292973590212
2021-11-05 20:42:30.000,159.14526552792586,159.46833736265407,162.15524021691758
2021-11-09 20:41:15.000,161.58449348629173,161.61684065939772,163.44792848350343
2021-11-12 20:43:36.000,159.26935878676423,159.70419022556808,164.179484555121
2021-11-13 20:12:05.070,161.37710324408997,162.22108301766315,168.18297717461877
2021-11-17 20:14:47.180,154.8135088196055,155.54007636152906,159.9293633838693
2021-11-20 20:13:20.910,157.78789959665608,159.8799371083701,164.20812895325315
2021-11-20 20:13:23.210,157.20582387745765,157.1176183092842,161.79844584037576
2021-11-20 21:05:46.950,157.29341146406745,158.02355530032008,161.6327856825539
2021-11-21 20:24:24.890,154.59539545032834,155.73426903937153,159.76939366752524
2021-11-23 20:41:46.180,144.18084733772832,146.74717540544387,151.9338353236538
2021-11-23 20:41:47.710,155.60200053498357,157.88085072746293,160.72102110006185
2021-12-13 20:18:12.980,156.1189366428767,158.16893296050205,160.39266152017672
2021-12-17 20:16:24.340,154.14500639909795,155.26098327294028,159.60983757058546
2021-12-17 21:02:07.190,157.46170415923467,157.37349859106124,161.06903041093258
2021-12-17 21:02:09.490,155.09475523688835,155.40730459052114,159.75432856864265
2021-12-18 20:59:35.390,154.92559043888104,157.2044406313604,160.21648425900236
2021-12-20 20:16:35.110,154.91500466285376,155.22755401648655,159.59875546200666
2021-12-23 21:03:50.120,154.7522354709668,155.47880301289038,159.37368880959278
2021-12-23 21:38:19.190,154.92220678955857,156.7501444227418,160.81026889463365
2021-12-25 20:16:57.000,160.36506815909996,160.68813999382817,163.1374866084365
2021-12-26 20:45:38.670,158.18847927799217,159.41699302150278,161.40583453817567
